地震の発生日時,震央地名,緯度,経度,深さ,Ｍ,最大震度
2024/12/14 00:00:45.0,長野県南部,35.89,137.53166666666667,12,0.3,-
2024/12/14 00:06:39.5,能登半島沖,37.61333333333333,137.37333333333333,10,1.2,-
2024/12/14 00:07:50.8,大隅半島東方沖,30.976666666666667,131.70833333333334,52,1,-
2024/12/14 00:11:29.3,岐阜県美濃中西部,35.45,136.74333333333334,8,0.7,-
2024/12/14 00:16:37.3,能登半島沖,37.125,136.70833333333334,9,0.9,-
2024/12/14 00:19:44.3,石川県西方沖,37.04,136.39166666666668,11,2.4,-
2024/12/14 00:22:05.2,石川県西方沖,37.041666666666664,136.385,11,2.9,-
2024/12/14 00:26:10.4,茨城県北部,36.60166666666667,140.545,75,3.6,-
2024/12/14 00:31:10.6,福島県沖,37.86833333333333,141.54166666666666,45,0.7,-
2024/12/14 00:36:11.0,オホーツク海南部,44.87166666666667,145.18,9,2.7,-
2024/12/14 00:37:20.0,富山県東部,36.45666666666666,137.625,2,0.1,-
2024/12/14 00:38:34.3,和歌山県北部,34.17166666666667,135.43166666666667,14,0,-
2024/12/14 00:42:15.4,岩手県内陸南部,38.77,141.23333333333332,77,0.4,-
2024/12/14 00:45:33.0,沖縄本島北西沖,26.875,126.76,21,1.7,-
2024/12/14 00:48:05.9,三陸沖,40.031666666666666,145.42333333333335,45,1.6,-
2024/12/14 00:51:15.1,宮城県沖,38.336666666666666,141.98,44,1.7,-
2024/12/14 00:52:19.4,茨城県沖,36.48,141.825,15,1.6,-
2024/12/14 00:58:00.9,和歌山県南部,33.54333333333334,135.63833333333332,13,0.2,-
2024/12/14 00:58:34.0,浦河沖,42.108333333333334,142.94333333333333,43,2.4,-
2024/12/14 00:58:45.9,福島県会津,36.98166666666667,139.37333333333333,3,0.7,-
2024/12/14 00:59:21.0,宮城県沖,38.428333333333335,141.83,53,1.6,-
2024/12/14 00:59:57.7,長野県中部,36.31166666666667,138.04333333333332,3,1.1,-
2024/12/14 01:00:52.5,長野県中部,36.31,138.05,1,-10.5,-
2024/12/14 01:00:55.9,陸奥湾,41.04,141.05833333333334,10,0.5,-
2024/12/14 01:04:53.9,三陸沖,40.155,144.57166666666666,26,0.9,-
2024/12/14 01:10:49.3,愛知県西部,35.093333333333334,136.95333333333335,15,0.6,-
2024/12/14 01:12:09.5,茨城県南部,35.91833333333334,140.49333333333334,37,0.8,-
2024/12/14 01:18:49.5,福島県沖,37.766666666666666,141.575,50,0.9,-
2024/12/14 01:18:57.7,長野県中部,36.31666666666667,138.05166666666668,2,0.1,-
2024/12/14 01:22:45.0,石垣島北西沖,25.003333333333334,123.53833333333333,12,2,-
2024/12/14 01:29:35.6,石川県加賀地方,36.086666666666666,136.705,4,1.5,-
2024/12/14 01:34:03.8,宮崎県北部平野部,32.446666666666665,131.48833333333334,15,0.2,-
2024/12/14 01:35:15.4,宮崎県北部平野部,32.583333333333336,131.61333333333334,15,0.3,-
2024/12/14 01:37:50.4,千葉県東方沖,35.61833333333333,140.74666666666667,46,1.5,-
2024/12/14 01:45:13.4,秋田県沖,39.665,139.625,189,2.4,-
2024/12/14 01:48:35.7,島根県西部,35.065,132.51833333333335,8,0.5,-
2024/12/14 01:52:06.5,茨城県南部,35.91,140.12166666666667,61,0.1,-
2024/12/14 01:55:31.7,岐阜県美濃中西部,35.42,136.82666666666665,14,0.1,-
2024/12/14 01:59:27.3,長野県中部,36.18666666666667,137.90833333333333,227,2,-
2024/12/14 02:04:24.4,千葉県北西部,35.79833333333333,140.08333333333334,68,0.1,-
2024/12/14 02:05:52.5,十勝地方北部,43.31333333333333,143.825,141,1.3,-
2024/12/14 02:11:24.0,石川県西方沖,36.975,136.37833333333333,11,1.5,-
2024/12/14 02:18:08.2,和歌山県南方沖,33.22666666666667,135.12833333333333,27,0.9,-
2024/12/14 02:24:24.3,岐阜県飛騨地方,36.015,137.51666666666668,7,0.2,-
2024/12/14 02:31:42.8,岩手県内陸南部,39.03666666666667,140.89,9,0.7,-
2024/12/14 02:32:51.1,岩手県沖,39.278333333333336,141.97666666666666,54,0.3,-
2024/12/14 02:36:48.1,伊勢湾,34.901666666666664,136.80333333333334,9,0.6,-
2024/12/14 02:38:11.6,宮城県沖,37.835,142.46666666666667,28,1.1,-
2024/12/14 02:40:23.3,宮城県沖,37.97,142.65,17,1.5,-
2024/12/14 02:46:19.0,宮崎県北部平野部,32.446666666666665,131.49,15,1.9,-
2024/12/14 02:47:12.5,石川県加賀地方,36.08833333333333,136.70666666666668,4,0.7,-
2024/12/14 02:51:53.7,岩手県沿岸北部,40.05833333333333,141.605,8,0,-
2024/12/14 02:52:32.1,宮城県沖,37.995,141.78666666666666,54,0.8,-
2024/12/14 02:55:40.7,秋田県内陸南部,39.873333333333335,140.63,5,0.2,-
2024/12/14 02:56:45.3,宮崎県北部平野部,32.445,131.48833333333334,14,0.5,-
2024/12/14 02:56:58.9,宮崎県北部平野部,32.446666666666665,131.48666666666668,14,0.7,-
2024/12/14 02:58:01.4,兵庫県南東部,34.94,135.37166666666667,9,1.1,-
2024/12/14 02:59:43.9,岩手県沖,40.385,141.92333333333335,43,0.9,-
2024/12/14 03:07:35.7,京都府南部,35.06166666666667,135.625,12,0.8,-
2024/12/14 03:11:53.2,富山県東部,36.46,137.62166666666667,3,0.3,-
2024/12/14 03:12:35.3,日高地方中部,42.30166666666667,142.58166666666668,23,0.9,-
2024/12/14 03:15:56.4,東京湾,35.57333333333333,139.89833333333334,112,1.3,-
2024/12/14 03:16:54.6,根室地方北部,43.776666666666664,144.84833333333333,0,3,-
2024/12/14 03:18:05.4,和歌山県北部,33.77,135.34166666666667,47,2,-
2024/12/14 03:18:13.8,熊本県熊本地方,32.653333333333336,130.68833333333333,10,0.4,-
2024/12/14 03:20:47.3,愛知県西部,34.89333333333333,137.06333333333333,8,0.4,-
2024/12/14 03:24:27.4,福島県沖,37.361666666666665,141.91333333333333,37,1.4,-
2024/12/14 03:25:17.0,オホーツク海南部,46.18,146.51666666666668,361,3.8,-
2024/12/14 03:27:28.0,宗谷地方北部,45.068333333333335,141.74666666666667,9,0.9,-
2024/12/14 03:27:56.2,茨城県沖,35.975,141.125,26,1.6,-
2024/12/14 03:34:25.6,薩摩半島西方沖,31.261666666666667,129.92333333333335,10,1.4,-
2024/12/14 03:53:20.9,与那国島近海,23.983333333333334,122.62666666666667,26,2.4,-
2024/12/14 03:58:21.0,日向灘,31.585,131.60166666666666,33,3.5,-
2024/12/14 03:59:20.5,福島県沖,37.52,142.14166666666668,32,3.1,-
2024/12/14 04:00:00.1,伊勢湾,34.95,136.77,12,1.1,-
2024/12/14 04:05:39.8,房総半島南方沖,34.16,140.08333333333334,87,1.8,-
2024/12/14 04:17:30.8,関東東方沖,36.68333333333333,143.785,22,1.4,-
2024/12/14 04:22:49.9,三重県南東沖,34.195,136.66,18,0.8,-
2024/12/14 04:26:05.6,福島県沖,37.39833333333333,141.69833333333332,45,1.1,-
2024/12/14 04:27:46.3,国後島付近,43.60333333333333,146.16166666666666,105,1.6,-
2024/12/14 04:28:20.5,青森県東方沖,41.52,142.775,17,-1,-
2024/12/14 04:34:15.0,福島県沖,37.303333333333335,141.83833333333334,38,1.6,-
2024/12/14 04:40:03.0,日向灘,32.30833333333333,132,26,0.9,-
2024/12/14 04:48:10.8,日向灘,31.585,131.6,32,1.8,-
2024/12/14 04:48:18.8,山口県北部,34.20166666666667,131.24166666666667,15,1.8,-
2024/12/14 04:51:14.5,有明海,32.97833333333333,130.29166666666666,14,0.8,-
2024/12/14 04:53:57.5,福島県沖,37.33833333333333,141.73,40,1.3,-
2024/12/14 04:55:46.2,福島県沖,37.695,141.72666666666666,43,0.9,-
2024/12/14 04:57:30.5,栃木県北部,37.045,139.96,30,0.5,-
2024/12/14 04:58:36.9,東海道南方沖,32.083333333333336,138.265,422,3.7,-
2024/12/14 05:01:39.7,福島県沖,37.405,141.71,44,1.7,-
2024/12/14 05:01:57.7,北海道東方沖,43.95666666666666,147.50166666666667,39,-1,-
2024/12/14 05:02:07.8,鹿児島県薩摩地方,32.105,130.41333333333333,7,0.6,-
2024/12/14 05:08:12.7,岩手県沖,40.07333333333333,142.21833333333333,44,3,-
2024/12/14 05:09:20.8,富山県東部,36.46333333333333,137.62166666666667,4,0,-
2024/12/14 05:15:19.2,福島県会津,37.763333333333335,140.06166666666667,7,0.5,-
2024/12/14 05:17:02.1,有明海,32.98,130.29333333333332,14,0.4,-
2024/12/14 05:21:29.7,福島県沖,37.855,141.56666666666666,47,0.8,-
2024/12/14 05:22:45.0,京都府南部,35.093333333333334,135.595,13,0.7,-
2024/12/14 05:26:01.6,石川県西方沖,36.94833333333333,136.41333333333333,16,1.5,-
2024/12/14 05:32:11.2,石川県西方沖,36.97,136.39333333333335,11,2.4,-
2024/12/14 05:37:54.8,茨城県北部,36.73,140.615,6,0.7,-
2024/12/14 05:40:58.3,根室半島南東沖,43.215,146.475,43,1.4,-
2024/12/14 05:45:34.0,宮崎県北部山沿い,32.55,131.36333333333334,12,0.6,-
2024/12/14 05:47:49.7,福島県沖,37.29666666666667,141.83666666666667,38,1.5,-
2024/12/14 05:49:32.8,福島県沖,37.265,141.80333333333334,37,1,-
2024/12/14 05:53:40.7,浦河沖,41.858333333333334,142.98,45,3.9,-
2024/12/14 05:55:48.8,石川県西方沖,36.93,136.415,10,1.5,-
2024/12/14 06:03:26.5,和歌山県北部,34.056666666666665,135.16333333333333,7,0.4,-
2024/12/14 06:09:36.8,和歌山県北部,34.21,135.19666666666666,5,-1,-
2024/12/14 06:10:02.1,青森県東方沖,41.27166666666667,142.38166666666666,34,1.4,-
2024/12/14 06:14:19.9,石川県西方沖,36.995,136.415,0,-1,-
2024/12/14 06:14:24.2,石川県西方沖,36.995,136.42833333333334,12,1.2,-
2024/12/14 06:30:15.2,神奈川県西部,35.413333333333334,139.16333333333333,14,0.6,-
2024/12/14 06:30:27.7,兵庫県北部,35.593333333333334,134.715,11,1.1,-
2024/12/14 06:34:52.1,山梨県中・西部,35.645,138.3,13,0.5,-
2024/12/14 06:39:07.4,日向灘,31.871666666666666,131.80666666666667,33,1.3,-
2024/12/14 06:39:45.9,和歌山県北部,34.21333333333333,135.185,5,0.5,-
2024/12/14 06:40:18.5,福島県会津,37.711666666666666,140.01666666666668,7,0.4,-
2024/12/14 06:45:34.1,三陸沖,37.82333333333333,144.555,32,2,-
2024/12/14 06:47:16.1,京都府南部,34.78,135.93333333333334,11,0.6,-
2024/12/14 06:56:07.3,奈良県,34.135,135.92,25,0.4,-
2024/12/14 06:59:21.0,福島県会津,37.068333333333335,139.53333333333333,8,0.1,-
2024/12/14 07:01:12.6,岩手県内陸北部,40.08833333333333,141.27833333333334,89,0.9,-
2024/12/14 07:05:19.0,熊本県熊本地方,32.685,130.665,11,0.2,-
2024/12/14 07:05:25.0,内浦湾,41.92666666666667,141.035,8,0.9,-
2024/12/14 07:06:49.0,岐阜県飛騨地方,35.99166666666667,137.51833333333335,9,0.3,-
2024/12/14 07:08:28.2,福島県沖,37.83166666666666,141.67166666666665,54,1.3,-
2024/12/14 07:09:37.0,埼玉県南部,36.013333333333335,139.78,111,1.6,-
2024/12/14 07:11:40.1,福島県沖,37.83166666666666,141.82666666666665,50,1,-
2024/12/14 07:11:41.5,茨城県沖,36.53,141.04666666666665,31,1.7,-
2024/12/14 07:12:57.4,福島県沖,37.515,142.15833333333333,25,1.4,-
2024/12/14 07:14:43.4,岩手県沖,40.38666666666666,142.95,17,1.4,-
2024/12/14 07:18:12.8,茨城県南部,36.16,139.80833333333334,51,0.2,-
2024/12/14 07:19:45.2,石川県西方沖,37.075,136.63166666666666,7,1.8,-
2024/12/14 07:22:15.5,宮城県沖,38.72,142.39833333333334,34,1.2,-
2024/12/14 07:26:15.9,福島県沖,37.82833333333333,141.61333333333334,50,3.3,-
2024/12/14 07:31:34.1,宮城県北部,38.725,141.28,75,2.9,-
2024/12/14 07:33:45.8,茨城県北部,36.785,140.58166666666668,7,1.3,-
2024/12/14 07:34:05.4,宮城県沖,38.315,142.06833333333333,35,1.2,-
2024/12/14 07:34:33.8,福島県沖,37.821666666666665,141.61333333333334,49,1.6,-
2024/12/14 07:37:09.1,福島県沖,37.76166666666667,142.42666666666668,27,-1,-
2024/12/14 07:37:23.1,福島県沖,37.82666666666667,141.61333333333334,48,1.2,-
2024/12/14 07:39:45.2,茨城県北部,36.78666666666667,140.58166666666668,9,0.6,-
2024/12/14 07:40:05.7,長野県中部,36.31166666666667,138.045,2,-10.2,-
2024/12/14 07:40:33.2,宮古島近海,24.27166666666667,125.25833333333334,32,2.2,-
2024/12/14 07:41:27.3,岐阜県飛騨地方,36.00666666666667,137.59166666666667,5,0.1,-
2024/12/14 08:07:01.9,三陸沖,40.653333333333336,145.07333333333332,19,1.4,-
2024/12/14 08:11:09.6,栃木県南部,36.4,139.67833333333334,7,0.6,-
2024/12/14 08:11:33.0,根室半島南東沖,43.22,146.45,49,1.5,-
2024/12/14 08:11:58.3,茨城県北部,36.778333333333336,140.56166666666667,7,0.1,-
2024/12/14 08:12:41.9,十勝沖,42.19833333333333,143.39166666666668,40,0.9,-
2024/12/14 08:13:13.8,福島県沖,37.4,141.7,45,1.4,-
2024/12/14 08:15:40.1,福島県沖,37.845,141.605,48,1.1,-
2024/12/14 08:19:26.1,択捉島付近,44.653333333333336,147.025,144,2.3,-
2024/12/14 08:32:26.2,三陸沖,39.39666666666667,143.54666666666665,12,2.3,-
2024/12/14 08:33:15.7,福島県沖,37.41,141.83666666666667,18,3.5,-
2024/12/14 08:37:53.9,石川県西方沖,37.07833333333333,136.44,9,1.2,-
2024/12/14 08:52:25.6,宮城県沖,37.94,141.66666666666666,49,1.7,-
2024/12/14 08:53:00.0,石川県能登地方,37.336666666666666,136.96166666666667,10,1.1,-
2024/12/14 09:05:58.8,茨城県北部,36.788333333333334,140.58,8,1.7,-
2024/12/14 09:06:13.7,岩手県内陸南部,39.031666666666666,140.87166666666667,9,0.8,-
2024/12/14 09:09:02.8,石川県能登地方,37.223333333333336,136.82,8,0.8,-
2024/12/14 09:09:09.4,青森県東方沖,41.375,142.38,30,1.3,-
2024/12/14 09:09:34.1,石川県西方沖,37.00333333333333,136.39166666666668,16,-1,-
2024/12/14 09:10:55.6,石川県西方沖,37.00666666666667,136.39666666666668,12,2.7,-
2024/12/14 09:11:21.7,石川県西方沖,37.00833333333333,136.40833333333333,16,1.8,-
2024/12/14 09:21:37.3,兵庫県南西部,34.96666666666667,134.755,13,0.5,-
2024/12/14 09:24:59.6,福島県沖,37.46,141.54833333333335,46,2,-
2024/12/14 09:27:39.8,石川県西方沖,36.931666666666665,136.42,14,1.1,-
2024/12/14 09:40:20.5,熊本県阿蘇地方,32.858333333333334,131.195,8,0.5,-
2024/12/14 09:44:58.0,石川県西方沖,36.975,136.405,9,1.4,-
2024/12/14 09:48:01.0,宮古島北西沖,26.075,124.40833333333333,177,2.9,-
2024/12/14 09:48:38.9,長野県中部,36.31666666666667,138.03166666666667,3,-10.1,-
2024/12/14 09:50:14.6,北海道南西沖,42.513333333333335,139.15,10,1.4,-
2024/12/14 09:50:36.5,駿河湾,34.60166666666667,138.65,203,2.7,-
2024/12/14 09:51:25.8,兵庫県北部,35.37,134.73333333333332,7,1.5,-
2024/12/14 09:53:44.3,福島県沖,37.46333333333333,141.88833333333332,41,2.1,-
2024/12/14 09:54:34.1,石川県西方沖,36.99333333333333,136.42833333333334,10,1.6,-
2024/12/14 09:54:36.5,和歌山県北部,34.28666666666667,135.26166666666666,8,0.5,-
2024/12/14 09:55:35.1,宮城県沖,38.29666666666667,142.48166666666665,28,1,-
2024/12/14 10:02:52.1,奄美大島近海,28.61,130.11666666666667,20,1.9,-
2024/12/14 10:06:19.9,熊本県熊本地方,32.385,130.69,10,2,-
2024/12/14 10:07:29.3,遠州灘,34.5,138.16666666666666,38,0.9,-
2024/12/14 10:09:49.5,奄美大島北東沖,29.206666666666667,130.78,60,-1,-
2024/12/14 10:09:49.9,石川県西方沖,37.013333333333335,136.42833333333334,17,1,-
2024/12/14 10:11:21.6,岩手県沖,39.82333333333333,142.26,41,0.8,-
2024/12/14 10:17:07.2,長野県南部,35.93333333333333,137.62,6,0.3,-
2024/12/14 10:19:31.3,宮古島近海,25.05,124.93833333333333,64,1.9,-
2024/12/14 10:27:57.0,有明海,32.90833333333333,130.37333333333333,13,1,-
2024/12/14 10:30:45.6,三陸沖,40.86,145.12333333333333,29,3.3,-
2024/12/14 10:33:59.4,熊本県熊本地方,32.695,130.6,10,1.3,-
2024/12/14 10:36:07.2,奄美大島近海,27.105,130.49666666666667,45,2.8,-
2024/12/14 10:38:12.5,熊本県熊本地方,32.538333333333334,130.68166666666667,9,0.5,-
2024/12/14 10:39:34.8,播磨灘,34.681666666666665,134.74333333333334,12,1.1,-
2024/12/14 10:41:39.3,岩手県沖,39.61,142.61333333333334,33,1.3,-
2024/12/14 10:42:12.5,岐阜県飛騨地方,36.013333333333335,137.52333333333334,9,0.3,-
2024/12/14 10:44:35.0,福島県沖,37.60166666666667,142.25833333333333,36,2.1,-
2024/12/14 10:46:29.4,三陸沖,40.88166666666667,145.07,12,1.9,-
2024/12/14 10:47:39.0,福島県沖,37.596666666666664,142.265,36,1.3,-
2024/12/14 10:48:08.8,栃木県南部,36.25,139.75666666666666,64,0.9,-
2024/12/14 10:52:31.8,長野県北部,36.68,138.41833333333332,6,0.9,-
2024/12/14 10:52:36.6,有明海,32.81,130.55166666666668,11,0.9,-
2024/12/14 11:06:31.5,内浦湾,42.211666666666666,140.99166666666667,138,1.9,-
2024/12/14 11:07:02.9,石川県西方沖,36.955,136.38166666666666,11,1.7,-
2024/12/14 11:09:29.6,石川県西方沖,36.975,136.435,12,1.7,-
2024/12/14 11:10:35.6,富山県東部,36.45666666666666,137.62666666666667,3,0.3,-
2024/12/14 11:11:01.0,宮城県沖,37.935,142.44166666666666,22,1.3,-
2024/12/14 11:12:49.0,富山県東部,36.45666666666666,137.62333333333333,3,0.2,-
2024/12/14 11:14:22.2,福島県沖,37.6,142.255,34,1.3,-
2024/12/14 11:14:30.3,岐阜県飛騨地方,36.30833333333333,137.125,11,0.4,-
2024/12/14 11:15:54.3,石川県西方沖,37.015,136.41333333333333,12,1.8,-
2024/12/14 11:19:06.7,三陸沖,38.888333333333335,144.70333333333335,16,2,-
2024/12/14 11:23:35.1,伊予灘,33.51166666666666,132.15666666666667,49,1.3,-
2024/12/14 11:25:17.9,三陸沖,38.89333333333333,144.65166666666667,15,1.8,-
2024/12/14 11:30:40.8,石川県西方沖,37.075,136.39166666666668,5,1.3,-
2024/12/14 11:34:15.0,浦河沖,42.02166666666667,142.705,37,1,-
2024/12/14 11:35:08.1,山梨県中・西部,35.74166666666667,138.25166666666667,9,0.2,-
2024/12/14 11:35:55.3,奄美大島近海,28.458333333333332,129.70166666666665,37,2.3,-
2024/12/14 11:41:35.9,日向灘,31.825,131.92166666666665,21,1.3,-
2024/12/14 11:41:54.3,上川地方北部,44.37,142.14666666666668,12,0.7,-
2024/12/14 11:43:23.8,上川地方北部,44.37,142.13833333333332,10,0.4,-
2024/12/14 11:44:02.3,能登半島沖,37.623333333333335,137.40833333333333,9,1.6,-
2024/12/14 11:58:53.5,熊本県熊本地方,32.696666666666665,130.59666666666666,10,0.7,-
2024/12/14 11:59:15.0,長野県北部,36.693333333333335,138.405,13,0.6,-
2024/12/14 11:59:16.9,長野県北部,36.7,138.40166666666667,11,2.1,-
2024/12/14 12:07:33.9,福島県沖,37.251666666666665,141.29333333333332,55,1,-
2024/12/14 12:13:00.6,石川県西方沖,36.93333333333333,136.42,14,1.6,-
2024/12/14 12:13:44.8,日向灘,32.1,131.85333333333332,38,1.4,-
2024/12/14 12:14:23.8,栃木県北部,36.906666666666666,139.61166666666668,7,0.1,-
2024/12/14 12:18:42.4,和歌山県北部,34.208333333333336,135.62666666666667,58,0.3,-
2024/12/14 12:19:36.5,千葉県東方沖,35.528333333333336,140.94333333333333,28,1.2,-
2024/12/14 12:19:49.3,富山県東部,36.58833333333333,137.14166666666668,12,0.6,-
2024/12/14 12:20:43.0,福島県沖,37.43333333333333,141.57166666666666,7,1.5,-
2024/12/14 12:29:19.9,石川県西方沖,37.005,136.39666666666668,11,1.9,-
2024/12/14 12:31:35.6,石川県西方沖,37.00333333333333,136.41333333333333,11,2.2,-
2024/12/14 12:32:04.0,和歌山県北部,34.17166666666667,135.25166666666667,5,1,-
2024/12/14 12:33:02.5,硫黄島近海,25.598333333333333,143.23166666666665,0,4.8,-
2024/12/14 12:33:12.4,熊本県熊本地方,32.69833333333333,130.57166666666666,9,0.3,-
2024/12/14 12:37:51.1,北海道南西沖,41.791666666666664,138.55666666666667,24,2.3,-
2024/12/14 12:38:46.9,福島県沖,37.41166666666667,141.71333333333334,45,1.5,-
2024/12/14 12:41:05.4,石川県西方沖,36.93,136.38,16,1.2,-
2024/12/14 12:45:33.7,岐阜県飛騨地方,35.99,137.53333333333333,6,1.1,-
2024/12/14 12:53:31.6,石川県西方沖,36.928333333333335,136.43166666666667,16,0.7,-
2024/12/14 12:54:20.7,大隅半島東方沖,31.21,131.29833333333335,44,2.9,-
2024/12/14 12:54:59.5,長野県中部,35.971666666666664,138.075,5,0,-
2024/12/14 13:11:49.5,富山県東部,36.45,137.62833333333333,2,0.4,-
2024/12/14 13:19:01.6,渡島地方東部,41.78333333333333,140.975,13,1,-
2024/12/14 13:26:04.9,石川県西方沖,36.94833333333333,136.41166666666666,10,1.4,-
2024/12/14 13:28:57.4,能登半島沖,37.60666666666667,137.32666666666665,9,1.3,-
2024/12/14 13:30:58.8,宮崎県北部平野部,32.5,131.685,21,0.4,-
2024/12/14 13:31:58.6,宮城県沖,37.92,141.66333333333333,48,1.1,-
2024/12/14 13:33:20.0,福島県会津,37.025,139.39666666666668,7,0.2,-
2024/12/14 13:35:37.2,茨城県沖,35.973333333333336,141.12666666666667,25,1.9,-
2024/12/14 13:36:57.7,三陸沖,38.666666666666664,144.62166666666667,23,2.4,-
2024/12/14 13:37:46.3,石川県西方沖,36.97666666666667,136.43333333333334,6,1.4,-
2024/12/14 13:41:35.3,新潟県下越地方,37.51833333333333,139.34833333333333,6,0.5,-
2024/12/14 13:41:41.0,紀伊水道,34.21666666666667,135.11833333333334,7,-10.2,-
2024/12/14 13:42:31.7,三陸沖,40.865,145.11166666666668,27,1.7,-
2024/12/14 13:44:28.8,三陸沖,40.85666666666667,145.09333333333333,26,1.9,-
2024/12/14 13:47:24.4,石川県加賀地方,36.428333333333335,136.68666666666667,10,0.8,-
2024/12/14 13:57:41.4,和歌山県北部,34.16833333333334,135.24166666666667,6,1,-
2024/12/14 13:58:39.0,橘湾,32.583333333333336,129.82666666666665,10,0.4,-
2024/12/14 14:05:07.5,佐渡付近,38.08166666666666,138.3,13,0.9,-
2024/12/14 14:09:12.9,豊後水道,33.3,132.25166666666667,41,1,-
2024/12/14 14:25:43.9,石川県能登地方,37.51833333333333,137.28333333333333,13,1.3,-
2024/12/14 14:27:37.8,能登半島沖,37.67666666666667,137.48333333333332,14,2.3,-
2024/12/14 14:29:46.0,石川県西方沖,36.973333333333336,136.405,14,1.1,-
2024/12/14 14:30:38.2,浦河沖,42.07833333333333,142.59333333333333,55,1.2,-
2024/12/14 14:33:34.3,富山県東部,36.458333333333336,137.625,3,0.2,-
2024/12/14 14:33:35.9,富山県東部,36.45666666666666,137.62833333333333,4,0.2,-
2024/12/14 14:35:16.9,能登半島沖,38.00833333333333,137.43666666666667,7,1.7,-
2024/12/14 14:37:30.1,愛知県西部,35.21333333333333,137.43833333333333,45,0.8,-
2024/12/14 14:38:44.8,茨城県沖,36.27333333333333,141.24666666666667,26,1.4,-
2024/12/14 14:41:12.3,福岡県筑後地方,33.016666666666666,130.45666666666668,8,0.9,-
2024/12/14 14:42:56.5,新潟県下越地方,37.516666666666666,139.345,6,0.5,-
2024/12/14 14:50:29.1,鳥島近海,29.16,139.16166666666666,522,3.5,-
2024/12/14 14:56:14.5,山口県中部,34.16833333333334,131.8,12,0.6,-
2024/12/14 15:01:44.1,長野県南部,35.79,137.82833333333335,12,0.6,-
2024/12/14 15:02:17.5,福島県沖,37.76,141.74333333333334,64,1.1,-
2024/12/14 15:09:16.0,茨城県沖,35.89666666666667,141.02,39,1.4,-
2024/12/14 15:10:08.3,富山県東部,36.46333333333333,137.62,2,0.3,-
2024/12/14 15:11:08.1,宮城県北部,38.80166666666667,140.70333333333335,4,0.6,-
2024/12/14 15:13:15.7,日高地方中部,42.43833333333333,142.77666666666667,67,0.4,-
2024/12/14 15:16:23.9,茨城県沖,36.25333333333333,140.99333333333334,39,1.8,-
2024/12/14 15:18:39.1,茨城県北部,36.635,140.585,9,0.7,-
2024/12/14 15:18:41.5,長野県北部,36.528333333333336,137.89666666666668,12,-10.1,-
2024/12/14 15:18:55.9,大分県南部,32.825,131.63833333333332,11,0.8,-
2024/12/14 15:26:41.9,福島県沖,37.19833333333333,142.24666666666667,17,1.5,-
2024/12/14 15:27:58.1,福島県沖,37.821666666666665,141.61333333333334,49,2.2,-
2024/12/14 15:30:48.3,茨城県沖,36.46666666666667,141.69166666666666,8,1.6,-
2024/12/14 15:32:27.1,岩手県沖,39.06333333333333,142.355,31,1,-
2024/12/14 15:32:30.3,和歌山県北部,33.91166666666667,135.22666666666666,8,0.4,-
2024/12/14 15:34:05.2,陸奥湾,41.035,141.07333333333332,11,0.8,-
2024/12/14 15:41:51.0,岩手県沿岸北部,39.873333333333335,141.55833333333334,68,0.7,-
2024/12/14 15:43:12.0,長野県中部,36.315,138.05,2,-10.4,-
2024/12/14 15:49:32.5,宮城県沖,38.38166666666667,142.005,28,1,-
2024/12/14 15:50:14.3,大隅半島東方沖,31.256666666666668,131.93,26,1.3,-
2024/12/14 15:53:51.8,石川県能登地方,37.178333333333335,136.79166666666666,9,0.6,-
2024/12/14 15:56:02.8,福島県沖,37.306666666666665,142.225,18,1.5,-
2024/12/14 15:56:23.8,福島県沖,36.723333333333336,142.22166666666666,33,1.5,-
2024/12/14 16:01:50.2,石川県西方沖,36.97833333333333,136.435,18,1.3,-
2024/12/14 16:03:53.7,石川県西方沖,36.93666666666667,136.41166666666666,11,2.3,-
2024/12/14 16:05:16.6,和歌山県北部,34.18333333333333,135.34833333333333,6,0.3,-
2024/12/14 16:08:40.9,三陸沖,38.555,143.23,6,1.4,-
2024/12/14 16:16:34.8,石川県西方沖,36.98833333333333,136.39166666666668,13,1.6,-
2024/12/14 16:16:53.5,和歌山県南方沖,33.318333333333335,135.2,32,1.3,-
2024/12/14 16:19:24.3,青森県東方沖,41.145,143.095,19,1.3,-
2024/12/14 16:22:11.6,京都府南部,35.09166666666667,135.595,12,1.3,-
2024/12/14 16:22:18.9,和歌山県北部,34.25833333333333,135.43,6,0.6,-
2024/12/14 16:26:51.9,岩手県内陸北部,40.18333333333333,141.13333333333333,12,0.7,-
2024/12/14 16:28:24.9,浦河沖,42.19166666666667,142.64,31,0.2,-
2024/12/14 16:31:20.8,茨城県北部,36.39666666666667,140.445,94,1.8,-
2024/12/14 16:32:23.2,長野県中部,36.31166666666667,138.04333333333332,2,-10.4,-
2024/12/14 16:33:17.9,山形県村山地方,38.25333333333333,140.22333333333333,11,0.6,-
2024/12/14 16:34:06.4,岐阜県美濃中西部,35.43666666666667,136.74,17,0.7,-
2024/12/14 16:34:24.7,石川県西方沖,36.97666666666667,136.39,10,-1,-
2024/12/14 16:34:40.4,石川県西方沖,37.02333333333333,136.44,9,1.8,-
2024/12/14 16:46:37.4,茨城県沖,36.57666666666667,142.00833333333333,11,1.7,-
2024/12/14 16:59:01.6,福島県沖,37.83166666666666,141.615,49,1.2,-
2024/12/14 17:12:04.3,十勝地方北部,43.32666666666667,143.04833333333335,6,0,-
2024/12/14 17:17:19.5,茨城県北部,36.79666666666667,140.56333333333333,9,0.3,-
2024/12/14 17:17:37.7,長野県北部,36.681666666666665,138.42166666666665,3,1.1,-
2024/12/14 17:18:19.9,福島県沖,37.248333333333335,142.17,21,1.9,-
2024/12/14 17:20:47.8,福島県中通り,36.855,140.54833333333335,7,0.1,-
2024/12/14 17:23:19.8,大隅半島東方沖,31.285,131.91833333333332,25,1.6,-
2024/12/14 17:25:30.7,山形県庄内地方,38.65833333333333,139.8,156,1.3,-
2024/12/14 17:25:31.5,熊本県天草・芦北地方,32.321666666666665,130.46833333333333,9,0.7,-
2024/12/14 17:31:09.6,石川県西方沖,37.06166666666667,136.40666666666667,14,1.9,-
2024/12/14 17:31:32.6,石川県能登地方,37.325,136.93666666666667,12,1.3,-
2024/12/14 17:33:12.0,岐阜県美濃中西部,35.80166666666667,137.12666666666667,8,0.1,-
2024/12/14 17:43:50.0,福島県沖,37.666666666666664,142.70666666666668,4,1.8,-
2024/12/14 17:46:19.2,十勝沖,42.00333333333333,144.05333333333334,4,-1,-
2024/12/14 17:47:37.3,宮崎県北部平野部,32.31666666666667,131.44,61,0.7,-
2024/12/14 17:49:11.8,胆振地方中東部,42.635,141.275,6,0.7,-
2024/12/14 17:52:42.8,千葉県南東沖,34.60666666666667,139.80833333333334,25,0.8,-
2024/12/14 17:55:20.2,兵庫県南東部,35.06166666666667,134.91666666666666,12,0.5,-
2024/12/14 17:56:42.2,石川県西方沖,36.97666666666667,136.36166666666668,11,1.1,-
2024/12/14 17:57:11.2,山口県北部,34.31166666666667,131.38333333333333,14,1.7,-
2024/12/14 17:59:25.6,長野県南部,35.895,137.625,8,0.3,-
2024/12/14 17:59:37.0,宮城県沖,38.29833333333333,142.21333333333334,34,-1,-
2024/12/14 18:06:15.6,神奈川県西部,35.41,139.155,15,0.2,-
2024/12/14 18:11:15.5,滋賀県北部,35.56,136.315,15,0.4,-
2024/12/14 18:11:28.1,大隅半島東方沖,31.213333333333335,131.29,43,1.2,-
2024/12/14 18:12:36.6,九州地方南東沖,30.803333333333335,132.40833333333333,62,2.3,-
2024/12/14 18:16:08.9,茨城県沖,36.80833333333333,140.99833333333333,51,0.8,-
2024/12/14 18:17:49.7,石川県西方沖,36.985,136.44166666666666,14,0.9,-
2024/12/14 18:18:30.8,石川県西方沖,37.045,136.39166666666668,10,1.2,-
2024/12/14 18:18:46.7,福島県沖,37.33,141.555,43,1.5,-
2024/12/14 18:20:07.3,関東東方沖,36.505,144.08666666666667,47,1.9,-
2024/12/14 18:22:32.1,石川県西方沖,36.92,136.41333333333333,7,1.6,-
2024/12/14 18:23:17.1,茨城県沖,36.585,142.01333333333332,12,0.9,-
2024/12/14 18:23:37.4,周防灘,33.79666666666667,131.44666666666666,14,1.1,-
2024/12/14 18:25:58.5,石川県西方沖,36.92166666666667,136.41666666666666,9,1.3,-
2024/12/14 18:28:08.3,日向灘,31.665,132.09333333333333,38,1.5,-
2024/12/14 18:29:51.3,日向灘,32.655,131.99166666666667,38,0.7,-
2024/12/14 18:31:36.1,東京都２３区,35.66833333333334,139.65166666666667,79,0.8,-
2024/12/14 18:32:13.3,新潟県中越地方,37.54833333333333,138.79333333333332,17,1.1,-
2024/12/14 18:34:02.3,新潟県中越地方,37.531666666666666,138.76833333333335,20,-1,-
2024/12/14 18:36:53.3,茨城県沖,36.18833333333333,141.03666666666666,36,1.1,-
2024/12/14 18:36:59.1,福島県沖,37.675,141.54166666666666,51,1.5,-
2024/12/14 18:40:51.6,釧路沖,41.038333333333334,146.445,17,2.1,-
2024/12/14 18:41:06.1,十勝地方中部,42.83166666666666,143.61,77,0.7,-
2024/12/14 18:42:40.0,石川県能登地方,37.20333333333333,136.855,10,1.7,-
2024/12/14 18:44:29.9,宮城県沖,38.818333333333335,141.62333333333333,65,1,-
2024/12/14 18:50:30.9,石川県西方沖,37.01166666666666,136.41333333333333,11,1.2,-
2024/12/14 18:50:52.7,能登半島沖,37.12833333333333,136.66666666666666,11,-1,-
2024/12/14 18:52:22.9,熊本県熊本地方,32.483333333333334,130.58166666666668,3,0.3,-
2024/12/14 18:55:22.0,岩手県沖,40.375,141.925,44,0.5,-
2024/12/14 18:56:42.9,有明海,33.053333333333335,130.34166666666667,14,0.7,-
2024/12/14 18:59:28.6,石川県西方沖,37.00333333333333,136.41166666666666,9,1.2,-
2024/12/14 19:01:39.9,房総半島南方沖,34.25333333333333,140.32333333333332,51,1.5,-
2024/12/14 19:05:21.1,石川県西方沖,36.961666666666666,136.445,11,1.3,-
2024/12/14 19:07:49.0,豊後水道,33.04666666666667,132.215,37,0.8,-
2024/12/14 19:10:19.3,大阪府北部,34.87833333333333,135.65333333333334,12,1,-
2024/12/14 19:10:49.9,宮崎県北部平野部,32.443333333333335,131.48833333333334,15,-1,-
2024/12/14 19:12:01.5,新島・神津島近海,34.403333333333336,139.285,11,2,-
2024/12/14 19:19:27.7,岐阜県飛騨地方,36.375,137.23333333333332,10,0.2,-
2024/12/14 19:20:20.3,若狭湾,35.78,135.99833333333333,12,0.8,-
2024/12/14 19:22:12.1,福島県沖,37.843333333333334,141.61,47,0.8,-
2024/12/14 19:23:48.2,岩手県沿岸北部,40.35333333333333,141.65166666666667,77,0.9,-
2024/12/14 19:26:14.4,岩手県沿岸南部,39.13166666666667,141.705,61,0.6,-
2024/12/14 19:30:05.6,千葉県北西部,35.66,140.18,66,1.2,-
2024/12/14 19:30:28.7,石川県能登地方,37.22,136.74333333333334,8,0.8,-
2024/12/14 19:31:21.7,茨城県沖,36.18,140.92333333333335,43,-1,-
2024/12/14 19:32:07.7,房総半島南方沖,34.388333333333335,140.50666666666666,49,0.8,-
2024/12/14 19:32:35.3,群馬県南部,36.571666666666665,139.385,4,0.8,-
2024/12/14 19:37:27.3,茨城県北部,36.736666666666665,140.59833333333333,6,-10.1,-
2024/12/14 19:39:31.7,石川県西方沖,37.01,136.41833333333332,14,1.6,-
2024/12/14 19:40:24.0,福島県沖,37.67333333333333,141.57333333333332,54,1.3,-
2024/12/14 19:43:34.8,和歌山県南方沖,33.281666666666666,135.875,23,1.2,-
2024/12/14 19:45:58.9,根室地方中部,43.32833333333333,145.075,93,1,-
2024/12/14 19:46:36.8,石川県西方沖,37.00833333333333,136.43333333333334,10,1.7,-
2024/12/14 19:47:17.8,与那国島近海,24.118333333333332,123.235,29,-1,-
2024/12/14 19:48:46.4,和歌山県南部,33.718333333333334,135.79666666666665,21,0.1,-
2024/12/14 19:49:13.9,茨城県沖,36.458333333333336,141.04833333333335,39,1.2,-
2024/12/14 19:49:39.9,遠州灘,34.53333333333333,137.755,15,0.6,-
2024/12/14 19:51:20.0,和歌山県北部,34.045,135.19666666666666,9,-10.2,-
2024/12/14 19:56:54.8,茨城県北部,36.82,140.575,10,0.9,-
2024/12/14 19:58:16.4,京都府南部,35.096666666666664,135.595,13,1.6,-
2024/12/14 20:02:03.0,愛知県西部,34.906666666666666,137.20166666666665,39,0.5,-
2024/12/14 20:06:18.1,熊本県熊本地方,32.765,130.72333333333333,8,0,-
2024/12/14 20:18:58.7,石川県西方沖,37.035,136.42166666666665,11,1.5,-
2024/12/14 20:19:53.8,豊後水道,33.34166666666667,132.29666666666665,49,1.2,-
2024/12/14 20:20:58.7,岩手県沖,39.45166666666667,142.43,34,1.5,-
2024/12/14 20:25:39.3,岩手県沿岸北部,39.945,141.90333333333334,36,1.4,-
2024/12/14 20:26:07.9,岩手県内陸南部,39.056666666666665,140.86,8,0.8,-
2024/12/14 20:26:53.2,岩手県内陸南部,39.06166666666667,140.85666666666665,6,0.2,-
2024/12/14 20:27:31.7,岩手県沖,39.593333333333334,142.14,30,3,-
2024/12/14 20:31:13.9,石川県西方沖,37.06,136.40333333333334,9,1.4,-
2024/12/14 20:38:33.1,奄美大島近海,28,128.855,62,2,-
2024/12/14 20:39:18.6,三重県南東沖,33.96666666666667,136.49833333333333,36,0.9,-
2024/12/14 20:41:01.7,和歌山県北部,34.09166666666667,135.56166666666667,55,1.1,-
2024/12/14 20:47:00.2,千葉県東方沖,35.415,141.11333333333334,16,1.9,-
2024/12/14 20:52:02.0,伊予灘,33.281666666666666,131.51666666666668,101,1.6,-
2024/12/14 20:57:13.2,岩手県沖,40.06166666666667,142.09166666666667,37,0.8,-
2024/12/14 20:57:33.5,山梨県東部・富士五湖,35.531666666666666,138.94833333333332,21,0.5,-
2024/12/14 20:58:59.9,京都府南部,35.02333333333333,135.58333333333334,11,0.4,-
2024/12/14 21:06:43.5,滋賀県北部,35.515,136.25666666666666,7,0.2,-
2024/12/14 21:09:33.8,千葉県北西部,35.626666666666665,140.14666666666668,68,1.5,-
2024/12/14 21:09:36.3,石川県西方沖,37.038333333333334,136.41666666666666,9,1.4,-
2024/12/14 21:13:04.8,青森県東方沖,41.57,142.11166666666668,52,2.6,-
2024/12/14 21:15:09.7,周防灘,33.825,131.43166666666667,16,1.2,-
2024/12/14 21:17:01.9,福島県沖,37.745,142.11166666666668,27,1.2,-
2024/12/14 21:18:22.9,陸奥湾,41.04333333333334,141.05333333333334,10,0.8,-
2024/12/14 21:18:50.2,千葉県東方沖,35.79833333333333,140.89666666666668,22,1.5,-
2024/12/14 21:23:02.7,石垣島近海,24.408333333333335,124.01333333333334,0,0.9,-
2024/12/14 21:25:22.6,京都府南部,35.155,135.80333333333334,12,0.6,-
2024/12/14 21:27:04.3,長野県中部,36.47666666666667,138.03833333333333,6,-10.8,-
2024/12/14 21:27:28.9,大阪湾,34.486666666666665,135.02333333333334,12,0.8,-
2024/12/14 21:28:16.9,福島県沖,37.733333333333334,144.74166666666667,36,2.1,-
2024/12/14 21:28:20.8,日向灘,32.355,131.885,20,0.5,-
2024/12/14 21:33:51.7,東京湾,35.568333333333335,139.98166666666665,53,0.4,-
2024/12/14 21:38:19.5,茨城県北部,36.625,140.64,9,0.5,-
2024/12/14 21:40:36.3,茨城県沖,36.36,142.19166666666666,24,2,-
2024/12/14 21:41:34.9,茨城県沖,36.35166666666667,142.19,3,1.4,-
2024/12/14 21:46:00.4,愛知県西部,35.016666666666666,137.4,40,0.5,-
2024/12/14 21:46:34.2,茨城県北部,36.598333333333336,140.64,8,0.8,-
2024/12/14 21:50:41.8,静岡県西部,35.20333333333333,137.88333333333333,41,0.5,-
2024/12/14 21:55:10.3,宮城県沖,38.92333333333333,142.65166666666667,42,1.1,-
2024/12/14 21:56:16.4,石川県西方沖,37.035,136.38666666666666,8,1.4,-
2024/12/14 21:57:23.8,千葉県南部,35.031666666666666,139.94833333333332,43,1.1,-
2024/12/14 21:59:12.3,茨城県北部,36.785,140.58166666666668,9,0.7,-
2024/12/14 22:02:16.5,有明海,32.913333333333334,130.37833333333333,13,1.3,-
2024/12/14 22:03:00.6,千葉県北西部,35.63,140.115,68,1,-
2024/12/14 22:05:15.0,茨城県沖,36.251666666666665,141.77333333333334,31,0.8,-
2024/12/14 22:05:44.6,奄美大島北東沖,29.026666666666667,130.18,5,-1,-
2024/12/14 22:05:57.8,宮城県沖,38.03666666666667,141.895,39,0.8,-
2024/12/14 22:07:04.7,与那国島近海,24.878333333333334,123.18333333333334,129,2.8,-
2024/12/14 22:12:14.9,伊予灘,33.645,132.36,44,0.9,-
2024/12/14 22:15:52.7,宮崎県北部平野部,32.446666666666665,131.49,15,0.4,-
2024/12/14 22:27:16.8,釧路沖,42.906666666666666,145.49833333333333,38,2.3,-
2024/12/14 22:27:54.5,石川県西方沖,36.91166666666667,136.40166666666667,7,1.6,-
2024/12/14 22:32:25.0,八丈島東方沖,33.49,140.78833333333333,35,2,-
2024/12/14 22:41:59.5,熊本県球磨地方,32.355,130.66333333333333,12,0,-
2024/12/14 22:47:26.7,房総半島南方沖,34.16,140.44166666666666,47,1.5,-
2024/12/14 22:48:44.8,茨城県沖,36.528333333333336,141.22833333333332,33,1.1,-
2024/12/14 23:05:26.5,福島県沖,37.835,141.60833333333332,48,1,-
2024/12/14 23:08:11.2,宮城県沖,38.655,142.00166666666667,40,0.8,-
2024/12/14 23:09:13.3,京都府南部,35.055,135.83833333333334,10,2.1,-
2024/12/14 23:14:49.5,大隅半島東方沖,31.35333333333333,131.675,26,0.8,-
2024/12/14 23:16:01.8,徳島県南部,33.763333333333335,134.33,10,0,-
2024/12/14 23:21:39.5,長野県中部,36.00666666666667,138.08,5,-10.6,-
2024/12/14 23:23:44.3,薩摩半島西方沖,31.293333333333333,129.21833333333333,15,1.5,-
2024/12/14 23:28:54.9,天草灘,32.32666666666667,129.78,14,1.9,-
2024/12/14 23:29:09.8,福島県沖,37.85666666666667,141.61,48,1.4,-
2024/12/14 23:29:25.2,青森県東方沖,41.53666666666667,143.075,39,1.7,-
2024/12/14 23:29:58.7,京都府南部,34.83166666666666,135.875,13,0.8,-
2024/12/14 23:31:09.7,石川県西方沖,37.00333333333333,136.41,8,1.3,-
2024/12/14 23:32:21.0,岩手県内陸南部,39.068333333333335,140.90666666666667,10,0.6,-
2024/12/14 23:32:26.0,関東東方沖,35.35,142.59166666666667,21,1.4,-
2024/12/14 23:33:19.7,京都府南部,35.065,135.51833333333335,10,0.5,-
2024/12/14 23:44:33.2,長野県中部,36.315,138.05333333333334,1,-10.1,-
2024/12/14 23:47:04.1,房総半島南方沖,34.29333333333334,139.7,102,1.5,-
2024/12/14 23:47:08.9,和歌山県南部,33.791666666666664,135.595,42,-10.2,-
2024/12/14 23:47:18.2,千葉県北東部,35.925,140.55333333333334,38,1.9,-
2024/12/14 23:48:54.6,長野県中部,36.23166666666667,137.88,11,-10.5,-
2024/12/14 23:48:59.9,根室地方北部,43.77,144.85333333333332,0,1.1,-
2024/12/14 23:49:39.2,苫小牧沖,42.57333333333333,141.665,135,1.9,-
2024/12/14 23:52:16.3,福島県沖,37.32,141.94166666666666,27,1.3,-
2024/12/14 23:52:48.3,石川県西方沖,36.92333333333333,136.37333333333333,12,1.7,-
2024/12/14 23:53:17.0,福島県沖,37.355,141.6,9,2.2,-
2024/12/14 23:54:36.6,日向灘,31.89,131.68,44,0.3,-
2024/12/14 23:56:55.2,和歌山県北部,34.166666666666664,135.415,8,-10.4,-
2024/12/14 23:59:08.3,茨城県北部,36.73166666666667,140.61,5,0.2,-
