地震の発生日,地震の発生時刻,震央地名,緯度,経度,深さ,Ｍ,最大震度
2024/08/10,00:00:30.8,神奈川県西部,35°24.7′N,139°08.8′E,13 km,0.1,---
2024/08/10,00:00:44.0,神奈川県西部,35°25.2′N,139°09.4′E,14 km,0.2,---
2024/08/10,00:03:21.5,日向灘,31°51.2′N,131°45.9′E,36 km,0.4,---
2024/08/10,00:04:03.1,宮崎県南部山沿い,31°56.3′N,131°03.0′E,10 km,-0.1,---
2024/08/10,00:05:04.1,熊本県熊本地方,32°32.2′N,130°40.2′E,10 km,-0.1,---
2024/08/10,00:05:08.5,神奈川県西部,35°24.6′N,139°09.3′E,14 km,0.1,---
2024/08/10,00:10:40.9,八丈島東方沖,33°44.4′N,140°35.6′E,56 km,4.9,---
2024/08/10,00:10:56.6,神奈川県東部,35°31.2′N,139°38.2′E,22 km,0.6,---
2024/08/10,00:11:00.9,福島県会津,37°21.3′N,139°57.9′E,7 km,0.0,---
2024/08/10,00:14:14.9,日向灘,31°42.4′N,131°53.2′E,15 km,1.3,---
2024/08/10,00:15:05.4,神奈川県西部,35°24.8′N,139°09.9′E,13 km,0.7,---
2024/08/10,00:15:32.1,神奈川県西部,35°25.3′N,139°09.9′E,13 km,0.6,---
2024/08/10,00:15:36.7,神奈川県西部,35°25.2′N,139°10.2′E,12 km,0.3,---
2024/08/10,00:20:24.0,日向灘,31°32.4′N,131°45.1′E,16 km,1.0,---
2024/08/10,00:20:24.8,石川県能登地方,37°09.7′N,136°46.8′E,8 km,0.2,---
2024/08/10,00:22:10.8,関東東方沖,35°18.6′N,144°02.6′E,14 km,1.8,---
2024/08/10,00:22:11.4,茨城県沖,36°08.5′N,142°09.5′E,3 km,1.2,---
2024/08/10,00:22:23.7,神奈川県西部,35°24.9′N,139°10.0′E,13 km,0.6,---
2024/08/10,00:22:31.2,神奈川県西部,35°24.6′N,139°09.7′E,13 km,1.9,---
2024/08/10,00:23:19.2,神奈川県西部,35°25.2′N,139°08.9′E,13 km,0.2,---
2024/08/10,00:23:38.9,茨城県沖,36°26.6′N,141°00.9′E,39 km,1.3,---
2024/08/10,00:23:57.6,神奈川県西部,35°24.8′N,139°09.4′E,13 km,-0.1,---
2024/08/10,00:26:15.8,神奈川県西部,35°24.0′N,139°08.7′E,12 km,0.1,---
2024/08/10,00:26:41.2,神奈川県西部,35°25.0′N,139°09.8′E,13 km,0.0,---
2024/08/10,00:27:21.1,伊予灘,33°29.3′N,132°06.5′E,56 km,0.2,---
2024/08/10,00:27:56.3,千葉県北西部,35°41.6′N,140°02.7′E,77 km,0.9,---
2024/08/10,00:29:46.7,茨城県南部,36°00.1′N,140°15.5′E,42 km,0.0,---
2024/08/10,00:29:59.0,豊後水道,33°01.1′N,131°59.2′E,48 km,0.4,---
2024/08/10,00:30:42.2,神奈川県西部,35°25.5′N,139°09.8′E,14 km,-0.1,---
2024/08/10,00:31:59.0,富山県東部,36°30.7′N,137°31.1′E,12 km,0.4,---
2024/08/10,00:32:41.6,神奈川県西部,35°25.2′N,139°09.5′E,11 km,-0.2,---
2024/08/10,00:32:50.2,広島県北部,34°52.5′N,132°54.0′E,13 km,0.1,---
2024/08/10,00:32:58.7,日向灘,32°09.0′N,132°06.9′E,13 km,1.1,---
2024/08/10,00:34:29.3,福島県沖,37°42.4′N,141°39.5′E,60 km,1.6,---
2024/08/10,00:34:36.6,石川県能登地方,37°25.3′N,137°09.1′E,11 km,0.7,---
2024/08/10,00:35:50.3,奄美大島近海,27°47.7′N,129°18.0′E,20 km,不明,---
2024/08/10,00:37:26.3,有明海,32°49.4′N,130°35.0′E,14 km,0.0,---
2024/08/10,00:39:20.8,神奈川県西部,35°24.6′N,139°09.9′E,12 km,0.1,---
2024/08/10,00:39:56.5,神奈川県西部,35°24.2′N,139°09.8′E,14 km,不明,---
2024/08/10,00:41:59.1,神奈川県西部,35°23.6′N,139°08.7′E,11 km,1.9,---
2024/08/10,00:44:08.3,神奈川県西部,35°25.7′N,139°09.5′E,14 km,-0.1,---
2024/08/10,00:44:41.2,栃木県北部,36°49.3′N,139°36.0′E,8 km,-0.3,---
2024/08/10,00:46:28.9,岐阜県飛騨地方,36°03.2′N,137°35.4′E,6 km,-0.3,---
2024/08/10,00:47:11.0,神奈川県西部,35°24.9′N,139°10.2′E,12 km,0.3,---
2024/08/10,00:50:49.2,京都府南部,35°11.2′N,135°25.5′E,14 km,0.3,---
2024/08/10,00:51:13.4,胆振地方中東部,42°46.7′N,141°52.3′E,29 km,不明,---
2024/08/10,00:51:21.4,神奈川県西部,35°25.0′N,139°08.8′E,12 km,0.5,---
2024/08/10,00:52:20.3,日向灘,31°36.9′N,131°51.9′E,14 km,0.8,---
2024/08/10,00:52:31.4,石川県能登地方,37°17.0′N,136°50.0′E,10 km,0.7,---
2024/08/10,00:54:10.2,十勝地方南部,42°25.9′N,143°13.0′E,87 km,0.9,---
2024/08/10,00:54:15.0,千葉県東方沖,35°45.8′N,141°02.5′E,30 km,1.5,---
2024/08/10,00:54:33.9,神奈川県西部,35°24.5′N,139°09.7′E,14 km,1.8,---
2024/08/10,00:55:27.4,神奈川県東部,35°35.9′N,139°30.5′E,27 km,0.6,---
2024/08/10,00:55:28.1,佐渡付近,37°50.8′N,137°43.3′E,16 km,1.1,---
2024/08/10,00:55:40.3,神奈川県東部,35°35.8′N,139°30.6′E,26 km,0.9,---
2024/08/10,00:55:55.1,福島県沖,37°38.1′N,141°33.7′E,49 km,1.1,---
2024/08/10,00:57:02.1,神奈川県東部,35°36.1′N,139°30.2′E,28 km,0.5,---
2024/08/10,00:57:28.7,神奈川県西部,35°24.6′N,139°09.5′E,14 km,0.3,---
2024/08/10,00:57:36.1,日向灘,31°47.1′N,131°53.8′E,17 km,1.0,---
2024/08/10,00:57:54.6,日向灘,31°47.1′N,131°33.0′E,27 km,0.8,---
2024/08/10,00:58:23.9,神奈川県西部,35°25.7′N,139°07.4′E,15 km,-0.3,---
2024/08/10,00:58:49.2,神奈川県東部,35°35.7′N,139°30.7′E,28 km,0.3,---
2024/08/10,00:58:52.8,日向灘,31°47.5′N,131°36.9′E,18 km,0.2,---
2024/08/10,00:59:28.1,大隅半島東方沖,31°16.7′N,131°55.4′E,26 km,2.0,---
2024/08/10,00:59:52.9,石川県能登地方,37°13.2′N,136°48.6′E,6 km,-0.1,---
2024/08/10,01:00:18.4,神奈川県西部,35°25.1′N,139°09.2′E,14 km,0.4,---
2024/08/10,01:00:50.9,神奈川県西部,35°25.0′N,139°10.1′E,14 km,0.2,---
2024/08/10,01:01:57.4,日向灘,31°43.7′N,131°56.6′E,17 km,0.9,---
2024/08/10,01:02:11.2,神奈川県西部,35°24.5′N,139°09.3′E,12 km,0.6,---
2024/08/10,01:03:28.6,日向灘,31°34.5′N,131°50.4′E,17 km,0.6,---
2024/08/10,01:03:36.7,神奈川県西部,35°24.5′N,139°08.7′E,14 km,0.6,---
2024/08/10,01:04:04.4,神奈川県西部,35°24.5′N,139°10.1′E,11 km,0.0,---
2024/08/10,01:04:29.2,神奈川県西部,35°24.6′N,139°09.4′E,15 km,0.0,---
2024/08/10,01:09:43.4,福島県沖,37°52.0′N,141°37.1′E,48 km,1.1,---
2024/08/10,01:09:58.4,島根県西部,35°10.1′N,132°37.3′E,8 km,0.6,---
2024/08/10,01:10:14.4,日向灘,31°38.8′N,131°44.9′E,20 km,0.2,---
2024/08/10,01:10:19.1,神奈川県西部,35°25.3′N,139°09.6′E,14 km,-0.1,---
2024/08/10,01:10:23.3,神奈川県西部,35°23.7′N,139°09.6′E,16 km,0.2,---
2024/08/10,01:12:28.2,神奈川県西部,35°25.1′N,139°09.3′E,17 km,0.4,---
2024/08/10,01:14:11.7,神奈川県西部,35°24.0′N,139°11.5′E,12 km,0.3,---
2024/08/10,01:15:18.7,長野県北部,36°32.1′N,137°54.2′E,11 km,-0.5,---
2024/08/10,01:15:57.8,大阪府北部,34°59.1′N,135°27.1′E,11 km,0.4,---
2024/08/10,01:17:22.7,三重県北部,35°00.6′N,136°29.7′E,14 km,-0.1,---
2024/08/10,01:18:04.6,宮崎県南部山沿い,31°58.3′N,130°52.5′E,0 km,-0.6,---
2024/08/10,01:18:50.4,神奈川県西部,35°24.9′N,139°09.4′E,12 km,1.0,---
2024/08/10,01:19:09.3,神奈川県西部,35°24.6′N,139°08.3′E,13 km,0.6,---
2024/08/10,01:19:11.3,三陸沖,39°29.0′N,142°55.5′E,20 km,1.4,---
2024/08/10,01:19:12.6,宮崎県南部山沿い,31°58.1′N,130°52.2′E,0 km,-0.3,---
2024/08/10,01:19:44.5,富山県西部,36°20.5′N,137°00.3′E,7 km,-0.3,---
2024/08/10,01:20:38.9,神奈川県西部,35°24.7′N,139°09.8′E,14 km,1.1,---
2024/08/10,01:21:36.9,石川県能登地方,37°22.0′N,136°58.2′E,7 km,0.6,---
2024/08/10,01:23:14.7,奄美大島近海,28°07.6′N,129°29.8′E,31 km,1.4,---
2024/08/10,01:24:28.0,奄美大島近海,27°57.9′N,129°07.8′E,52 km,1.6,---
2024/08/10,01:24:56.9,岡山県北部,35°08.5′N,133°49.9′E,10 km,0.1,---
2024/08/10,01:25:34.8,和歌山県北部,34°12.7′N,135°13.4′E,4 km,0.2,---
2024/08/10,01:26:17.3,三陸沖,39°36.3′N,143°16.8′E,10 km,1.2,---
2024/08/10,01:28:20.8,日向灘,31°45.5′N,131°51.3′E,25 km,1.2,---
2024/08/10,01:28:37.3,神奈川県西部,35°24.3′N,139°08.8′E,14 km,-0.1,---
2024/08/10,01:30:00.1,神奈川県西部,35°25.0′N,139°09.9′E,14 km,0.0,---
2024/08/10,01:30:59.4,神奈川県西部,35°23.5′N,139°08.4′E,11 km,2.0,---
2024/08/10,01:31:09.0,有明海,32°48.5′N,130°31.5′E,4 km,0.2,---
2024/08/10,01:31:17.1,日向灘,31°49.6′N,131°38.0′E,32 km,0.6,---
2024/08/10,01:31:58.6,宮崎県南部山沿い,31°56.7′N,130°52.8′E,2 km,0.0,---
2024/08/10,01:32:00.4,日向灘,31°47.7′N,132°16.4′E,33 km,1.3,---
2024/08/10,01:32:45.7,千葉県南東沖,34°49.7′N,141°03.7′E,20 km,1.6,---
2024/08/10,01:32:53.5,神奈川県西部,35°24.7′N,139°08.0′E,12 km,1.6,---
2024/08/10,01:32:54.4,十勝沖,41°42.6′N,143°23.2′E,33 km,1.0,---
2024/08/10,01:33:09.0,大隅半島東方沖,31°17.7′N,131°53.2′E,28 km,0.7,---
2024/08/10,01:34:45.8,福島県沖,37°42.8′N,141°34.7′E,55 km,1.2,---
2024/08/10,01:35:42.8,神奈川県西部,35°24.0′N,139°08.4′E,13 km,0.3,---
2024/08/10,01:36:21.6,宮崎県南部山沿い,31°56.3′N,131°02.2′E,7 km,-0.1,---
2024/08/10,01:39:16.3,茨城県南部,35°57.6′N,140°18.9′E,41 km,1.2,---
2024/08/10,01:39:54.1,鹿児島県薩摩地方,31°49.4′N,130°43.2′E,10 km,-0.2,---
2024/08/10,01:40:32.4,種子島近海,30°25.7′N,130°44.1′E,10 km,0.4,---
2024/08/10,01:41:24.0,千葉県東方沖,35°36.6′N,141°00.6′E,16 km,1.3,---
2024/08/10,01:43:37.2,石川県能登地方,37°10.9′N,136°44.1′E,7 km,0.3,---
2024/08/10,01:47:00.8,神奈川県西部,35°24.3′N,139°10.3′E,15 km,0.1,---
2024/08/10,01:47:57.0,神奈川県西部,35°24.7′N,139°09.1′E,14 km,0.0,---
2024/08/10,01:48:13.1,鹿児島県薩摩地方,31°49.4′N,130°43.0′E,10 km,0.2,---
2024/08/10,01:51:02.6,福島県沖,37°41.5′N,141°35.5′E,54 km,1.0,---
2024/08/10,01:53:23.7,神奈川県西部,35°24.6′N,139°09.6′E,15 km,0.4,---
2024/08/10,01:53:52.2,和歌山県北部,33°55.1′N,135°13.5′E,9 km,0.0,---
2024/08/10,01:55:46.8,石川県能登地方,37°18.0′N,136°46.5′E,9 km,1.0,---
2024/08/10,01:57:29.3,岩手県沿岸北部,40°05.2′N,141°36.4′E,4 km,-0.2,---
2024/08/10,01:58:27.7,日向灘,31°35.2′N,132°05.9′E,33 km,2.2,---
2024/08/10,01:58:47.0,神奈川県西部,35°24.0′N,139°09.6′E,13 km,0.3,---
2024/08/10,01:58:50.5,神奈川県西部,35°23.9′N,139°09.2′E,11 km,0.4,---
2024/08/10,02:00:00.5,徳島県南部,33°54.0′N,134°27.9′E,10 km,-0.2,---
2024/08/10,02:00:06.4,石川県能登地方,37°30.7′N,137°14.3′E,11 km,0.7,---
2024/08/10,02:00:57.3,石川県能登地方,37°18.9′N,136°52.5′E,8 km,0.2,---
2024/08/10,02:00:59.3,神奈川県西部,35°24.9′N,139°09.5′E,13 km,0.2,---
2024/08/10,02:03:18.1,神奈川県西部,35°30.8′N,139°07.1′E,20 km,0.8,---
2024/08/10,02:03:47.9,岩手県内陸北部,40°08.8′N,141°10.6′E,10 km,1.4,---
2024/08/10,02:05:47.9,日向灘,31°42.3′N,131°43.2′E,28 km,0.8,---
2024/08/10,02:05:48.8,青森県津軽南部,40°36.7′N,140°29.3′E,11 km,-0.2,---
2024/08/10,02:06:01.3,石川県能登地方,37°14.8′N,136°49.0′E,6 km,0.9,---
2024/08/10,02:06:02.0,岩手県内陸北部,40°08.7′N,141°10.5′E,11 km,0.1,---
2024/08/10,02:06:08.5,東海道南方沖,32°25.2′N,137°54.4′E,94 km,2.1,---
2024/08/10,02:07:06.7,宮城県沖,37°55.4′N,141°39.2′E,49 km,1.1,---
2024/08/10,02:07:23.9,日向灘,31°35.1′N,132°06.0′E,34 km,2.6,---
2024/08/10,02:08:15.3,種子島近海,30°56.3′N,130°13.9′E,163 km,1.9,---
2024/08/10,02:08:26.4,神奈川県西部,35°24.0′N,139°08.9′E,13 km,0.8,---
2024/08/10,02:09:48.4,宮崎県南部平野部,31°55.5′N,131°24.1′E,9 km,0.2,---
2024/08/10,02:10:05.5,新潟県中越地方,37°36.6′N,138°49.2′E,27 km,0.8,---
2024/08/10,02:10:58.1,日向灘,31°36.8′N,132°07.6′E,19 km,1.2,---
2024/08/10,02:11:26.0,神奈川県西部,35°23.4′N,139°09.5′E,14 km,0.1,---
2024/08/10,02:11:50.1,日向灘,31°39.0′N,132°03.9′E,0 km,1.1,---
2024/08/10,02:12:06.5,岐阜県飛騨地方,36°11.2′N,137°26.9′E,254 km,2.1,---
2024/08/10,02:13:33.5,日向灘,31°37.8′N,132°06.3′E,18 km,1.0,---
2024/08/10,02:14:02.3,日向灘,31°37.2′N,132°07.2′E,9 km,0.7,---
2024/08/10,02:14:25.1,神奈川県西部,35°24.6′N,139°09.1′E,12 km,0.0,---
2024/08/10,02:14:41.3,千葉県東方沖,35°48.4′N,140°54.3′E,10 km,1.5,---
2024/08/10,02:16:13.1,石川県能登地方,37°21.2′N,136°58.5′E,9 km,0.5,---
2024/08/10,02:16:34.6,日向灘,31°35.9′N,132°09.5′E,23 km,1.1,---
2024/08/10,02:16:56.7,秋田県内陸南部,39°37.5′N,140°21.9′E,5 km,0.2,---
2024/08/10,02:17:32.2,日向灘,31°41.4′N,131°48.5′E,15 km,1.4,---
2024/08/10,02:17:38.3,石川県能登地方,37°10.6′N,136°47.5′E,8 km,0.4,---
2024/08/10,02:18:27.4,日向灘,31°36.2′N,132°09.2′E,19 km,1.2,---
2024/08/10,02:19:15.5,宮崎県南部山沿い,31°56.4′N,131°05.4′E,5 km,-0.5,---
2024/08/10,02:20:07.8,神奈川県西部,35°24.9′N,139°10.1′E,13 km,0.0,---
2024/08/10,02:20:14.8,日向灘,32°15.1′N,131°54.0′E,18 km,0.5,---
2024/08/10,02:22:10.6,徳島県北部,34°10.4′N,134°17.0′E,7 km,0.2,---
2024/08/10,02:23:21.9,三陸沖,39°22.7′N,143°33.2′E,14 km,2.4,---
2024/08/10,02:23:22.1,神奈川県西部,35°25.0′N,139°09.7′E,13 km,0.2,---
2024/08/10,02:23:34.5,富山湾,37°13.0′N,137°23.8′E,14 km,0.9,---
2024/08/10,02:23:50.3,伊予灘,33°31.6′N,131°59.9′E,64 km,1.2,---
2024/08/10,02:24:41.5,神奈川県西部,35°24.5′N,139°09.6′E,12 km,0.1,---
2024/08/10,02:25:01.0,三陸沖,39°22.8′N,143°33.2′E,11 km,1.9,---
2024/08/10,02:27:19.5,神奈川県西部,35°24.6′N,139°09.1′E,14 km,0.5,---
2024/08/10,02:28:15.7,石垣島近海,24°54.4′N,123°27.2′E,96 km,0.7,---
2024/08/10,02:28:50.1,豊後水道,33°13.2′N,132°17.2′E,38 km,0.4,---
2024/08/10,02:29:32.3,日向灘,31°40.6′N,131°38.6′E,28 km,0.4,---
2024/08/10,02:30:13.3,茨城県沖,36°08.0′N,142°09.5′E,7 km,1.5,---
2024/08/10,02:30:14.4,福島県沖,37°26.9′N,144°32.8′E,30 km,1.7,---
2024/08/10,02:30:27.2,神奈川県西部,35°25.6′N,139°09.3′E,16 km,0.4,---
2024/08/10,02:31:17.0,福島県沖,37°51.4′N,141°37.7′E,48 km,1.2,---
2024/08/10,02:31:30.1,福島県沖,37°51.8′N,141°37.0′E,47 km,1.2,---
2024/08/10,02:33:10.8,石川県能登地方,37°18.6′N,136°53.4′E,13 km,0.4,---
2024/08/10,02:33:34.9,宮古島近海,24°53.7′N,125°46.8′E,34 km,1.4,---
2024/08/10,02:34:01.9,福島県沖,37°46.6′N,141°38.7′E,54 km,0.9,---
2024/08/10,02:34:18.8,三陸沖,39°22.7′N,143°33.3′E,14 km,3.3,---
2024/08/10,02:34:40.9,神奈川県西部,35°24.3′N,139°09.5′E,13 km,0.2,---
2024/08/10,02:36:09.9,日向灘,31°47.1′N,131°33.7′E,21 km,0.3,---
2024/08/10,02:36:11.6,長野県南部,35°56.3′N,137°46.9′E,9 km,-0.1,---
2024/08/10,02:36:27.8,石川県能登地方,37°19.1′N,136°49.5′E,9 km,0.3,---
2024/08/10,02:36:33.5,鹿児島県薩摩地方,31°56.2′N,130°51.5′E,1 km,0.5,---
2024/08/10,02:37:29.8,神奈川県西部,35°24.6′N,139°09.4′E,13 km,0.3,---
2024/08/10,02:38:45.8,日向灘,31°49.7′N,131°33.0′E,40 km,0.4,---
2024/08/10,02:39:45.8,奄美大島近海,28°07.8′N,129°06.9′E,21 km,1.2,---
2024/08/10,02:40:15.2,石川県能登地方,37°11.0′N,136°41.8′E,7 km,0.9,---
2024/08/10,02:41:37.0,日向灘,31°46.7′N,131°49.4′E,26 km,1.9,---
2024/08/10,02:42:00.1,長野県中部,36°24.7′N,138°01.3′E,8 km,-0.6,---
2024/08/10,02:42:13.6,神奈川県西部,35°24.5′N,139°09.5′E,12 km,0.0,---
2024/08/10,02:43:48.8,茨城県北部,36°31.0′N,140°30.6′E,70 km,1.5,---
2024/08/10,02:44:01.7,宮崎県南部平野部,31°44.7′N,131°27.8′E,35 km,0.7,---
2024/08/10,02:44:29.8,宮崎県南部山沿い,31°55.7′N,131°02.4′E,6 km,-0.5,---
2024/08/10,02:45:08.4,和歌山県南方沖,33°37.1′N,135°23.1′E,422 km,2.3,---
2024/08/10,02:45:48.6,瀬戸内海中部,34°04.4′N,133°25.7′E,15 km,0.6,---
2024/08/10,02:46:03.9,神奈川県西部,35°25.7′N,139°09.0′E,15 km,0.3,---
2024/08/10,02:46:43.9,能登半島沖,37°30.9′N,137°11.0′E,11 km,0.3,---
2024/08/10,02:58:38.0,留萌地方中北部,44°47.0′N,141°49.5′E,228 km,2.1,---
2024/08/10,03:00:01.6,神奈川県西部,35°25.1′N,139°10.0′E,13 km,0.4,---
2024/08/10,03:04:01.6,関東東方沖,36°39.9′N,143°59.5′E,28 km,1.5,---
2024/08/10,03:04:26.7,日向灘,31°47.0′N,131°54.6′E,22 km,2.2,---
2024/08/10,03:06:36.1,茨城県沖,36°28.4′N,141°12.0′E,37 km,1.6,---
2024/08/10,03:07:03.8,日向灘,31°45.6′N,131°51.7′E,27 km,1.4,---
2024/08/10,03:09:32.2,奄美大島近海,28°26.1′N,129°22.4′E,15 km,1.6,---
2024/08/10,03:10:21.5,四国沖,32°23.4′N,132°50.0′E,31 km,0.8,---
2024/08/10,03:12:26.1,鹿児島県薩摩地方,31°49.1′N,130°42.7′E,9 km,0.8,---
2024/08/10,03:12:43.3,福井県嶺北,35°56.8′N,136°36.9′E,11 km,0.1,---
2024/08/10,03:13:40.0,神奈川県西部,35°24.6′N,139°09.5′E,12 km,0.2,---
2024/08/10,03:14:29.0,神奈川県西部,35°24.0′N,139°09.1′E,15 km,0.8,---
2024/08/10,03:15:48.2,福島県沖,37°47.1′N,141°38.6′E,52 km,1.0,---
2024/08/10,03:16:12.5,神奈川県西部,35°24.6′N,139°09.3′E,13 km,0.4,---
2024/08/10,03:18:04.1,神奈川県西部,35°24.9′N,139°09.4′E,13 km,0.9,---
2024/08/10,03:19:38.4,神奈川県西部,35°23.6′N,139°11.7′E,16 km,0.0,---
2024/08/10,03:22:27.8,石川県能登地方,37°12.8′N,136°45.4′E,7 km,-0.4,---
2024/08/10,03:22:32.7,神奈川県西部,35°26.2′N,139°09.8′E,12 km,-0.1,---
2024/08/10,03:26:21.6,石川県能登地方,37°27.0′N,137°10.5′E,13 km,0.7,---
2024/08/10,03:27:47.1,宮古島近海,24°16.1′N,125°21.9′E,49 km,1.4,---
2024/08/10,03:27:52.4,福島県沖,37°21.8′N,141°45.9′E,42 km,1.6,---
2024/08/10,03:32:51.1,日向灘,32°07.4′N,131°53.5′E,18 km,0.5,---
2024/08/10,03:35:15.4,神奈川県西部,35°25.0′N,139°09.5′E,13 km,0.3,---
2024/08/10,03:36:08.7,宮崎県南部山沿い,31°57.2′N,130°53.1′E,0 km,0.8,---
2024/08/10,03:37:50.4,宮古島近海,24°41.6′N,125°10.0′E,43 km,1.1,---
2024/08/10,03:38:41.7,神奈川県西部,35°24.6′N,139°10.1′E,14 km,0.9,---
2024/08/10,03:38:54.2,神奈川県西部,35°24.6′N,139°10.0′E,13 km,1.1,---
2024/08/10,03:40:19.8,和歌山県北部,33°53.2′N,135°14.2′E,6 km,0.2,---
2024/08/10,03:42:20.2,長野県南部,35°55.9′N,137°35.6′E,10 km,0.3,---
2024/08/10,03:42:22.1,宮古島近海,25°10.3′N,124°57.8′E,6 km,1.3,---
2024/08/10,03:42:32.6,神奈川県西部,35°25.2′N,139°10.1′E,13 km,0.0,---
2024/08/10,03:43:50.0,青森県西方沖,40°42.6′N,139°16.5′E,13 km,1.0,---
2024/08/10,03:44:23.1,日向灘,31°36.6′N,131°50.0′E,0 km,0.7,---
2024/08/10,03:44:52.1,日向灘,31°36.9′N,131°50.9′E,0 km,0.8,---
2024/08/10,03:45:54.3,日向灘,31°32.3′N,131°52.8′E,0 km,0.8,---
2024/08/10,03:47:16.0,沖縄本島近海,26°34.8′N,128°05.1′E,10 km,1.3,---
2024/08/10,03:48:33.7,神奈川県西部,35°24.4′N,139°10.8′E,14 km,-0.1,---
2024/08/10,03:49:03.8,神奈川県西部,35°25.3′N,139°09.7′E,12 km,0.3,---
2024/08/10,03:50:06.2,神奈川県西部,35°24.4′N,139°09.5′E,12 km,0.1,---
2024/08/10,03:51:07.3,神奈川県西部,35°25.0′N,139°09.8′E,14 km,0.5,---
2024/08/10,03:52:08.1,三陸沖,39°26.2′N,143°21.7′E,14 km,2.2,---
2024/08/10,03:54:34.8,石川県能登地方,37°21.6′N,136°53.6′E,8 km,0.1,---
2024/08/10,03:55:30.6,石川県能登地方,37°14.4′N,136°48.5′E,10 km,0.1,---
2024/08/10,03:55:56.8,福島県会津,37°22.7′N,139°39.5′E,3 km,0.1,---
2024/08/10,03:56:07.2,宮崎県北部平野部,32°31.2′N,131°41.6′E,15 km,0.4,---
2024/08/10,03:59:22.6,長野県中部,36°27.1′N,137°59.2′E,9 km,-0.6,---
2024/08/10,03:59:35.6,十勝沖,42°08.7′N,143°21.4′E,41 km,0.6,---
2024/08/10,04:00:36.4,神奈川県西部,35°24.9′N,139°10.1′E,14 km,0.4,---
2024/08/10,04:00:57.5,宮崎県南部山沿い,31°56.9′N,130°53.1′E,0 km,-0.1,---
2024/08/10,04:01:16.3,神奈川県西部,35°24.8′N,139°10.5′E,13 km,0.0,---
2024/08/10,04:02:31.1,宮城県沖,38°12.9′N,142°23.8′E,31 km,1.2,---
2024/08/10,04:04:58.5,茨城県南部,36°03.5′N,139°53.4′E,45 km,3.6,---
2024/08/10,04:06:52.2,青森県西方沖,40°38.7′N,139°20.7′E,14 km,1.4,---
2024/08/10,04:07:51.1,神奈川県西部,35°25.1′N,139°09.2′E,11 km,0.3,---
2024/08/10,04:07:58.5,日向灘,31°49.0′N,131°48.8′E,0 km,不明,---
2024/08/10,04:10:28.8,豊後水道,33°12.7′N,132°22.9′E,36 km,0.8,---
2024/08/10,04:13:13.4,福島県沖,37°20.8′N,141°54.8′E,32 km,1.6,---
2024/08/10,04:15:16.1,宮城県沖,38°18.9′N,141°51.4′E,61 km,1.6,---
2024/08/10,04:16:01.7,青森県東方沖,41°34.6′N,142°05.5′E,54 km,3.2,---
2024/08/10,04:16:23.5,神奈川県西部,35°24.7′N,139°09.8′E,13 km,0.5,---
2024/08/10,04:17:30.6,宮崎県南部山沿い,32°03.6′N,130°54.1′E,7 km,0.7,---
2024/08/10,04:18:39.9,神奈川県西部,35°24.6′N,139°00.3′E,22 km,0.2,---
2024/08/10,04:19:32.9,日向灘,31°48.3′N,131°54.7′E,17 km,0.9,---
2024/08/10,04:20:21.2,日向灘,31°49.9′N,131°37.8′E,32 km,3.1,---
2024/08/10,04:21:14.1,東京湾,35°38.2′N,140°01.4′E,74 km,1.0,---
2024/08/10,04:23:33.1,神奈川県西部,35°24.3′N,139°09.4′E,12 km,0.0,---
2024/08/10,04:29:18.4,青森県津軽北部,40°42.0′N,140°49.1′E,6 km,0.1,---
2024/08/10,04:29:47.4,十勝地方中部,42°42.1′N,143°02.3′E,103 km,0.5,---
2024/08/10,04:30:16.4,岩手県沖,39°40.1′N,142°07.1′E,46 km,0.7,---
2024/08/10,04:30:21.8,種子島近海,30°25.7′N,130°44.2′E,13 km,0.3,---
2024/08/10,04:30:53.4,神奈川県西部,35°24.8′N,139°09.2′E,13 km,0.4,---
2024/08/10,04:31:50.4,神奈川県西部,35°24.9′N,139°10.1′E,13 km,0.0,---
2024/08/10,04:36:26.8,神奈川県西部,35°24.5′N,139°08.4′E,13 km,0.5,---
2024/08/10,04:37:52.8,日向灘,31°33.1′N,131°51.6′E,7 km,0.8,---
2024/08/10,04:38:48.0,岩手県内陸北部,39°42.8′N,141°15.3′E,89 km,0.7,---
2024/08/10,04:40:03.6,茨城県南部,36°02.5′N,139°53.8′E,42 km,0.5,---
2024/08/10,04:41:50.7,日向灘,31°47.6′N,131°53.6′E,20 km,0.6,---
2024/08/10,04:42:42.2,三陸沖,38°35.3′N,144°50.8′E,25 km,1.6,---
2024/08/10,04:43:13.4,神奈川県西部,35°25.1′N,139°10.6′E,15 km,0.0,---
2024/08/10,04:43:14.5,日向灘,31°48.1′N,131°35.7′E,34 km,不明,---
2024/08/10,04:43:35.8,神奈川県西部,35°24.8′N,139°09.7′E,12 km,0.0,---
2024/08/10,04:45:57.9,能登半島沖,37°35.0′N,137°24.9′E,11 km,3.0,---
2024/08/10,04:47:08.4,台湾付近,24°30.7′N,121°49.2′E,58 km,2.0,---
2024/08/10,04:47:36.7,宮城県沖,38°16.3′N,142°30.3′E,20 km,1.6,---
2024/08/10,04:47:40.7,日向灘,31°33.6′N,131°52.9′E,1 km,0.9,---
2024/08/10,04:48:12.3,千葉県北西部,35°47.7′N,140°06.1′E,68 km,1.1,---
2024/08/10,04:51:49.3,苫小牧沖,42°13.4′N,141°29.8′E,100 km,1.7,---
2024/08/10,04:55:52.1,西表島付近,24°06.6′N,123°41.0′E,20 km,0.3,---
2024/08/10,04:55:57.4,三陸沖,39°33.0′N,144°35.2′E,21 km,1.6,---
2024/08/10,04:56:53.5,日向灘,31°38.0′N,131°46.6′E,10 km,0.4,---
2024/08/10,04:57:56.5,神奈川県西部,35°24.6′N,139°08.8′E,13 km,0.0,---
2024/08/10,04:58:49.0,三陸沖,38°26.2′N,144°44.6′E,20 km,0.8,---
2024/08/10,05:00:29.1,能登半島沖,37°06.3′N,136°39.8′E,9 km,0.8,---
2024/08/10,05:00:34.0,石川県能登地方,37°25.7′N,137°05.9′E,12 km,0.3,---
2024/08/10,05:02:55.1,山梨県中・西部,35°37.8′N,138°17.5′E,13 km,0.9,---
2024/08/10,05:03:02.4,山梨県中・西部,35°37.8′N,138°17.0′E,12 km,0.5,---
2024/08/10,05:04:08.5,神奈川県西部,35°25.4′N,139°10.3′E,13 km,-0.2,---
2024/08/10,05:06:02.3,能登半島沖,37°31.5′N,137°12.0′E,13 km,0.8,---
2024/08/10,05:06:53.0,神奈川県西部,35°25.2′N,139°09.8′E,12 km,0.2,---
2024/08/10,05:07:04.6,神奈川県西部,35°23.8′N,139°09.3′E,12 km,0.1,---
2024/08/10,05:08:43.0,宮崎県南部平野部,31°55.8′N,131°16.5′E,16 km,-0.4,---
2024/08/10,05:08:47.6,大隅半島東方沖,31°18.7′N,131°53.9′E,25 km,1.2,---
2024/08/10,05:10:37.8,日向灘,31°41.0′N,132°09.6′E,22 km,1.0,---
2024/08/10,05:11:55.8,種子島南東沖,29°46.6′N,131°07.2′E,34 km,1.5,---
2024/08/10,05:12:29.4,徳島県南部,33°51.4′N,134°37.5′E,9 km,0.7,---
2024/08/10,05:12:54.4,大隅半島東方沖,31°19.9′N,131°55.7′E,16 km,0.6,---
2024/08/10,05:14:11.6,日向灘,31°35.6′N,132°08.2′E,20 km,1.2,---
2024/08/10,05:15:39.2,日向灘,31°35.5′N,132°06.3′E,34 km,2.4,---
2024/08/10,05:15:40.1,神奈川県西部,35°24.8′N,139°08.4′E,11 km,1.1,---
2024/08/10,05:16:28.8,長野県南部,35°52.2′N,137°38.1′E,8 km,0.6,---
2024/08/10,05:16:53.0,岩手県内陸北部,40°09.4′N,141°10.9′E,13 km,0.2,---
2024/08/10,05:17:00.8,神奈川県西部,35°24.4′N,139°08.9′E,13 km,0.1,---
2024/08/10,05:17:02.3,茨城県沖,36°26.1′N,141°11.1′E,36 km,0.9,---
2024/08/10,05:17:15.5,長野県南部,35°52.4′N,137°37.8′E,9 km,0.3,---
2024/08/10,05:17:21.1,和歌山県北部,34°15.1′N,135°12.6′E,5 km,0.3,---
2024/08/10,05:18:46.0,台湾付近,24°14.1′N,121°40.3′E,30 km,不明,---
2024/08/10,05:19:41.5,長野県北部,36°40.2′N,138°13.2′E,9 km,0.7,---
2024/08/10,05:22:34.5,熊本県天草・芦北地方,32°19.7′N,130°27.7′E,9 km,-0.2,---
2024/08/10,05:23:56.9,神奈川県西部,35°24.8′N,139°09.4′E,16 km,-0.1,---
2024/08/10,05:24:15.0,山梨県中・西部,35°38.1′N,138°17.4′E,13 km,0.1,---
2024/08/10,05:24:35.2,宮城県沖,38°17.8′N,141°51.1′E,44 km,1.0,---
2024/08/10,05:26:29.6,天草灘,32°29.0′N,129°55.7′E,12 km,-0.3,---
2024/08/10,05:27:17.7,石川県能登地方,37°18.3′N,136°54.2′E,11 km,1.1,---
2024/08/10,05:29:17.7,日向灘,31°37.2′N,132°07.0′E,19 km,1.1,---
2024/08/10,05:30:47.5,岩手県沖,39°04.0′N,142°23.6′E,25 km,1.7,---
2024/08/10,05:31:42.4,熊本県熊本地方,32°32.8′N,130°38.8′E,6 km,0.5,---
2024/08/10,05:32:02.7,福島県沖,37°17.3′N,141°50.3′E,39 km,1.7,---
2024/08/10,05:32:57.4,大隅半島東方沖,31°20.4′N,131°55.9′E,18 km,0.6,---
2024/08/10,05:33:21.9,大隅半島東方沖,31°18.7′N,131°54.6′E,25 km,1.1,---
2024/08/10,05:33:52.9,岩手県内陸南部,38°49.9′N,141°13.3′E,81 km,1.2,---
2024/08/10,05:34:42.9,福島県沖,37°18.0′N,141°50.4′E,36 km,1.4,---
2024/08/10,05:35:03.3,台湾付近,23°46.9′N,121°38.0′E,4 km,2.4,---
2024/08/10,05:36:26.2,日向灘,31°36.6′N,132°06.2′E,25 km,1.4,---
2024/08/10,05:38:32.7,四国沖,33°19.2′N,134°48.6′E,10 km,1.4,---
2024/08/10,05:41:04.7,福島県沖,37°49.5′N,141°35.7′E,48 km,0.9,---
2024/08/10,05:41:49.3,日向灘,31°44.1′N,131°56.2′E,19 km,1.8,---
2024/08/10,05:42:36.3,神奈川県西部,35°25.0′N,139°09.3′E,14 km,0.1,---
2024/08/10,05:43:31.1,日向灘,31°26.6′N,131°51.0′E,21 km,1.6,---
2024/08/10,05:43:56.1,神奈川県西部,35°24.8′N,139°10.3′E,10 km,-0.1,---
2024/08/10,05:44:29.3,日向灘,31°43.9′N,131°56.4′E,22 km,1.7,---
2024/08/10,05:45:02.7,徳島県南部,33°54.0′N,134°28.0′E,12 km,-0.1,---
2024/08/10,05:45:33.2,日向灘,31°36.8′N,131°49.4′E,0 km,0.8,---
2024/08/10,05:46:09.8,山形県置賜地方,37°55.7′N,139°43.0′E,1 km,0.4,---
2024/08/10,05:47:31.7,和歌山県北部,33°56.6′N,135°12.7′E,8 km,0.5,---
2024/08/10,05:50:45.0,茨城県沖,36°13.2′N,142°12.3′E,2 km,1.0,---
2024/08/10,05:51:41.3,日向灘,31°33.7′N,131°49.8′E,17 km,1.1,---
2024/08/10,05:51:55.3,福島県沖,37°23.4′N,142°23.9′E,2 km,2.1,---
2024/08/10,05:52:59.6,福島県沖,37°23.1′N,142°24.2′E,6 km,0.9,---
2024/08/10,05:53:02.4,日向灘,31°41.3′N,131°57.1′E,13 km,0.7,---
2024/08/10,05:53:46.3,神奈川県西部,35°23.5′N,139°09.4′E,12 km,0.2,---
2024/08/10,05:55:16.9,千葉県北西部,35°35.1′N,140°06.5′E,69 km,1.3,---
2024/08/10,05:56:11.3,日向灘,31°35.0′N,131°50.3′E,0 km,1.1,---
2024/08/10,05:56:38.2,神奈川県西部,35°24.6′N,139°09.6′E,14 km,1.1,---
2024/08/10,05:57:53.4,神奈川県西部,35°25.1′N,139°09.5′E,12 km,0.1,---
2024/08/10,05:58:35.8,紀伊水道,33°41.6′N,135°08.4′E,35 km,0.5,---
2024/08/10,05:58:45.5,福島県沖,37°38.9′N,141°29.8′E,55 km,1.2,---
2024/08/10,05:59:19.1,日向灘,31°36.6′N,132°05.1′E,26 km,1.6,---
2024/08/10,05:59:29.3,日向灘,31°34.1′N,132°09.8′E,16 km,1.7,---
2024/08/10,06:04:25.9,宮崎県北部山沿い,32°36.4′N,131°15.2′E,13 km,0.0,---
2024/08/10,06:07:24.4,能登半島沖,37°31.1′N,137°11.5′E,9 km,0.7,---
2024/08/10,06:08:01.0,神奈川県西部,35°25.0′N,139°10.2′E,15 km,0.0,---
2024/08/10,06:08:24.5,与那国島近海,24°09.8′N,123°09.8′E,28 km,0.5,---
2024/08/10,06:09:34.3,福島県沖,37°48.8′N,141°36.7′E,49 km,1.8,---
2024/08/10,06:11:53.4,広島県南東部,34°40.4′N,133°23.3′E,21 km,0.4,---
2024/08/10,06:13:09.5,日向灘,31°34.4′N,131°50.7′E,0 km,0.7,---
2024/08/10,06:14:32.0,石川県能登地方,37°09.9′N,136°42.7′E,7 km,不明,---
2024/08/10,06:16:24.4,台湾付近,23°58.2′N,121°47.3′E,55 km,2.1,---
2024/08/10,06:18:58.2,石川県能登地方,37°14.0′N,136°47.4′E,10 km,0.6,---
2024/08/10,06:22:03.3,沖縄本島近海,27°15.2′N,128°39.7′E,13 km,0.8,---
2024/08/10,06:23:48.7,神奈川県西部,35°25.8′N,139°09.6′E,13 km,-0.1,---
2024/08/10,06:23:54.9,神奈川県西部,35°24.4′N,139°09.6′E,13 km,0.3,---
2024/08/10,06:24:44.2,神奈川県西部,35°25.2′N,139°09.5′E,13 km,-0.1,---
2024/08/10,06:25:15.7,トカラ列島近海,29°29.5′N,129°29.3′E,24 km,不明,---
2024/08/10,06:25:40.0,能登半島沖,37°05.1′N,136°36.8′E,10 km,1.5,---
2024/08/10,06:26:32.4,日向灘,31°37.0′N,132°06.2′E,18 km,1.1,---
2024/08/10,06:27:04.1,福島県沖,37°39.2′N,141°40.5′E,57 km,2.8,---
2024/08/10,06:28:46.8,台湾付近,23°59.0′N,121°42.0′E,40 km,2.0,---
2024/08/10,06:30:43.0,種子島南東沖,29°45.0′N,131°10.8′E,32 km,2.1,---
2024/08/10,06:31:03.2,神奈川県西部,35°24.4′N,139°09.0′E,12 km,0.2,---
2024/08/10,06:31:16.5,三陸沖,39°26.5′N,143°21.7′E,9 km,1.4,---
2024/08/10,06:31:43.9,能登半島沖,37°35.1′N,137°29.3′E,14 km,1.2,---
2024/08/10,06:34:04.3,福島県沖,37°49.1′N,141°36.1′E,49 km,1.1,---
2024/08/10,06:38:22.5,大隅半島東方沖,31°16.0′N,131°58.2′E,21 km,1.3,---
2024/08/10,06:39:22.0,山梨県東部・富士五湖,35°30.8′N,138°58.9′E,18 km,0.0,---
2024/08/10,06:41:14.5,三陸沖,39°53.8′N,144°51.6′E,20 km,1.3,---
2024/08/10,06:45:59.0,神奈川県西部,35°25.2′N,139°09.2′E,12 km,0.3,---
2024/08/10,06:46:30.0,石川県能登地方,37°20.2′N,136°50.0′E,10 km,0.8,---
2024/08/10,06:46:30.8,神奈川県西部,35°24.8′N,139°09.1′E,13 km,0.8,---
2024/08/10,06:47:30.7,青森県東方沖,40°32.4′N,142°47.1′E,26 km,1.5,---
2024/08/10,06:49:50.1,日向灘,31°41.8′N,131°52.8′E,21 km,1.0,---
2024/08/10,06:50:46.3,沖縄本島近海,26°45.8′N,127°11.9′E,9 km,1.6,---
2024/08/10,06:52:59.7,岩手県沖,39°26.9′N,142°30.4′E,33 km,1.2,---
2024/08/10,06:54:12.5,岩手県沖,39°27.0′N,142°30.4′E,31 km,0.9,---
2024/08/10,06:58:10.3,台湾付近,23°52.5′N,121°43.3′E,36 km,2.6,---
2024/08/10,07:00:30.9,神奈川県西部,35°25.4′N,139°09.3′E,13 km,0.0,---
2024/08/10,07:01:18.3,佐渡付近,37°47.6′N,137°41.4′E,17 km,0.8,---
2024/08/10,07:03:05.2,十勝地方中部,43°11.9′N,143°27.8′E,145 km,1.4,---
2024/08/10,07:03:42.8,十勝地方北部,43°31.0′N,143°49.7′E,14 km,0.2,---
2024/08/10,07:04:04.1,茨城県沖,36°39.8′N,141°24.1′E,34 km,1.3,---
2024/08/10,07:05:23.6,三陸沖,39°25.9′N,143°33.2′E,7 km,1.6,---
2024/08/10,07:07:31.8,愛知県西部,34°51.1′N,137°09.7′E,33 km,0.2,---
2024/08/10,07:07:40.0,神奈川県西部,35°24.1′N,139°10.6′E,16 km,0.2,---
2024/08/10,07:14:19.1,能登半島沖,37°32.3′N,137°21.8′E,7 km,0.5,---
2024/08/10,07:16:12.9,愛知県東部,35°07.6′N,137°42.8′E,16 km,0.0,---
2024/08/10,07:16:17.2,日向灘,31°49.3′N,131°47.5′E,17 km,0.7,---
2024/08/10,07:21:59.5,石川県能登地方,37°11.0′N,136°49.8′E,10 km,0.4,---
2024/08/10,07:23:28.0,神奈川県西部,35°24.9′N,139°10.3′E,15 km,0.6,---
2024/08/10,07:23:51.5,神奈川県西部,35°24.3′N,139°09.5′E,12 km,1.6,---
2024/08/10,07:24:25.6,留萌地方中北部,44°53.7′N,141°59.4′E,20 km,1.5,---
2024/08/10,07:24:55.7,留萌地方中北部,44°50.8′N,141°57.1′E,25 km,1.0,---
2024/08/10,07:25:34.4,神奈川県西部,35°24.5′N,139°10.3′E,14 km,0.0,---
2024/08/10,07:28:06.2,宮城県沖,38°19.7′N,141°34.4′E,55 km,1.6,---
2024/08/10,07:28:50.6,三陸沖,39°22.9′N,143°32.4′E,9 km,1.8,---
2024/08/10,07:29:04.6,山梨県東部・富士五湖,35°24.9′N,138°39.3′E,12 km,0.8,---
2024/08/10,07:29:06.9,岐阜県美濃中西部,35°45.9′N,136°28.7′E,9 km,0.5,---
2024/08/10,07:29:09.0,宮城県沖,38°42.8′N,142°27.1′E,35 km,1.7,---
2024/08/10,07:29:53.9,三陸沖,39°22.9′N,143°32.5′E,4 km,1.6,---
2024/08/10,07:30:08.2,日向灘,31°29.3′N,131°50.5′E,11 km,1.3,---
2024/08/10,07:30:37.9,島根県東部,34°58.8′N,132°45.1′E,10 km,0.4,---
2024/08/10,07:33:03.7,徳島県南部,33°54.0′N,134°28.2′E,11 km,-0.3,---
2024/08/10,07:33:21.5,トカラ列島近海,29°45.4′N,130°06.2′E,63 km,1.8,---
2024/08/10,07:33:47.2,石川県能登地方,37°21.7′N,136°58.3′E,9 km,0.8,---
2024/08/10,07:39:04.0,天草灘,32°29.1′N,129°55.8′E,11 km,-0.3,---
2024/08/10,07:40:05.7,奄美大島北東沖,29°00.5′N,129°55.9′E,30 km,1.9,---
2024/08/10,07:43:38.4,大隅半島東方沖,30°53.8′N,131°44.5′E,14 km,1.3,---
2024/08/10,07:45:23.6,茨城県沖,36°31.3′N,141°09.8′E,40 km,1.4,---
2024/08/10,07:47:17.5,沖縄本島近海,26°45.4′N,127°14.2′E,15 km,1.2,---
2024/08/10,07:49:15.7,日向灘,31°38.5′N,131°53.9′E,27 km,1.5,---
2024/08/10,07:50:59.5,福島県沖,37°16.0′N,142°11.3′E,20 km,1.1,---
2024/08/10,07:51:19.6,根室半島南東沖,43°09.4′N,145°59.6′E,75 km,1.8,---
2024/08/10,07:51:55.2,神奈川県西部,35°25.0′N,139°09.2′E,13 km,0.1,---
2024/08/10,07:52:19.8,日向灘,31°38.0′N,132°04.0′E,8 km,1.3,---
2024/08/10,07:53:05.8,石川県西方沖,36°57.3′N,136°39.6′E,8 km,1.1,---
2024/08/10,07:53:19.6,宮崎県南部平野部,32°02.7′N,131°27.5′E,19 km,0.4,---
2024/08/10,07:53:22.5,宮崎県南部平野部,32°02.7′N,131°27.8′E,19 km,0.9,---
2024/08/10,07:53:51.3,神奈川県西部,35°24.7′N,139°09.0′E,13 km,0.7,---
2024/08/10,07:55:12.2,岐阜県飛騨地方,36°01.1′N,137°32.7′E,4 km,0.0,---
2024/08/10,07:55:57.5,福島県沖,37°24.7′N,141°46.8′E,39 km,1.1,---
2024/08/10,07:56:33.5,岐阜県飛騨地方,36°03.1′N,137°35.1′E,6 km,-0.1,---
2024/08/10,07:56:39.8,北見地方,43°39.4′N,143°13.2′E,186 km,2.0,---
2024/08/10,07:57:04.9,福島県沖,37°10.0′N,142°12.0′E,17 km,1.2,---
2024/08/10,07:57:13.3,石川県能登地方,37°12.6′N,136°43.1′E,7 km,1.7,---
2024/08/10,07:57:36.1,日向灘,31°53.5′N,131°30.4′E,14 km,0.6,---
2024/08/10,07:58:42.7,福島県沖,37°18.1′N,141°44.1′E,38 km,1.1,---
2024/08/10,08:01:23.3,長野県中部,36°20.0′N,137°59.2′E,10 km,0.0,---
2024/08/10,08:05:07.5,三重県中部,34°34.0′N,136°32.3′E,14 km,0.1,---
2024/08/10,08:05:19.8,石川県能登地方,37°17.7′N,136°49.9′E,10 km,0.4,---
2024/08/10,08:06:03.5,日向灘,31°37.3′N,132°05.5′E,20 km,1.2,---
2024/08/10,08:07:21.0,日向灘,31°36.0′N,132°06.6′E,20 km,1.6,---
2024/08/10,08:07:25.9,種子島南東沖,30°23.7′N,131°22.0′E,32 km,1.6,---
2024/08/10,08:08:13.7,神奈川県東部,35°33.2′N,139°38.7′E,24 km,0.8,---
2024/08/10,08:12:40.7,日向灘,31°29.9′N,131°49.1′E,14 km,1.3,---
2024/08/10,08:12:53.4,神奈川県西部,35°24.9′N,139°10.1′E,14 km,0.4,---
2024/08/10,08:14:39.4,神奈川県西部,35°24.8′N,139°09.7′E,13 km,1.0,---
2024/08/10,08:14:48.2,奄美大島近海,27°26.5′N,129°42.8′E,28 km,1.5,---
2024/08/10,08:18:28.8,日向灘,31°37.4′N,132°05.7′E,16 km,1.5,---
2024/08/10,08:19:48.9,福島県沖,37°01.8′N,141°58.0′E,26 km,2.0,---
2024/08/10,08:21:57.9,宮城県沖,37°56.7′N,142°35.3′E,20 km,1.2,---
2024/08/10,08:29:26.3,宮古島近海,24°33.3′N,125°07.4′E,34 km,1.6,---
2024/08/10,08:31:23.7,宮城県沖,37°54.5′N,141°50.0′E,53 km,1.4,---
2024/08/10,08:31:58.2,宮崎県北部山沿い,32°36.2′N,131°15.5′E,13 km,0.2,---
2024/08/10,08:33:51.9,種子島近海,30°12.4′N,130°39.2′E,11 km,1.6,---
2024/08/10,08:35:32.3,奄美大島近海,27°58.5′N,129°22.2′E,22 km,1.5,---
2024/08/10,08:37:51.9,茨城県北部,36°46.3′N,140°34.3′E,9 km,0.5,---
2024/08/10,08:38:21.7,能登半島沖,37°44.6′N,137°23.8′E,15 km,1.1,---
2024/08/10,08:40:55.4,広島県南西部,34°27.1′N,132°40.2′E,28 km,0.2,---
2024/08/10,08:42:02.0,神奈川県西部,35°24.7′N,139°09.5′E,14 km,0.4,---
2024/08/10,08:44:21.0,沖縄本島近海,25°42.0′N,126°52.7′E,11 km,2.4,---
2024/08/10,08:49:05.0,岩手県沖,40°03.7′N,142°06.9′E,46 km,0.5,---
2024/08/10,08:51:54.6,神奈川県西部,35°25.0′N,139°10.2′E,13 km,0.4,---
2024/08/10,08:51:54.9,福島県沖,37°17.8′N,141°55.0′E,30 km,1.1,---
2024/08/10,08:52:18.3,沖縄本島近海,27°28.4′N,128°50.9′E,16 km,1.1,---
2024/08/10,08:52:59.4,釧路沖,42°36.1′N,144°37.8′E,77 km,1.8,---
2024/08/10,08:57:20.2,根室半島南東沖,43°14.5′N,145°47.5′E,69 km,1.2,---
2024/08/10,08:58:58.0,神奈川県西部,35°23.9′N,139°08.5′E,13 km,1.4,---
2024/08/10,09:01:59.1,青森県東方沖,41°04.0′N,142°49.3′E,23 km,1.4,---
2024/08/10,09:03:15.7,日向灘,31°42.7′N,132°07.9′E,35 km,1.6,---
2024/08/10,09:03:45.1,熊本県熊本地方,32°59.4′N,130°37.9′E,13 km,0.9,---
2024/08/10,09:04:29.8,宮城県沖,38°24.5′N,142°11.7′E,32 km,1.9,---
2024/08/10,09:04:42.9,長野県南部,35°53.9′N,137°37.4′E,8 km,0.1,---
2024/08/10,09:04:57.2,栃木県北部,36°40.2′N,139°25.9′E,8 km,0.8,---
2024/08/10,09:06:23.0,宮城県沖,38°00.5′N,142°18.6′E,35 km,0.7,---
2024/08/10,09:09:40.4,福島県沖,37°40.7′N,142°26.5′E,22 km,1.2,---
2024/08/10,09:10:47.0,十勝沖,42°12.9′N,144°25.2′E,3 km,1.6,---
2024/08/10,09:10:56.3,留萌地方中北部,44°53.2′N,141°57.7′E,16 km,0.8,---
2024/08/10,09:13:14.5,日向灘,31°48.9′N,131°45.4′E,23 km,0.8,---
2024/08/10,09:14:45.4,日向灘,31°36.3′N,131°48.3′E,16 km,1.3,---
2024/08/10,09:15:29.8,石川県能登地方,37°12.1′N,136°49.2′E,9 km,0.5,---
2024/08/10,09:16:19.8,日向灘,31°35.5′N,131°49.0′E,20 km,1.4,---
2024/08/10,09:18:58.6,能登半島沖,37°32.6′N,137°12.3′E,12 km,0.5,---
2024/08/10,09:20:57.7,岩手県沖,40°26.1′N,141°54.3′E,57 km,2.7,---
2024/08/10,09:24:59.5,千葉県北西部,35°40.3′N,140°05.2′E,69 km,0.8,---
2024/08/10,09:24:59.7,鳥島近海,31°43.1′N,138°56.3′E,254 km,3.5,---
2024/08/10,09:25:01.4,宮城県沖,38°54.9′N,142°33.6′E,33 km,0.9,---
2024/08/10,09:25:44.5,大隅半島東方沖,31°26.3′N,131°25.4′E,42 km,0.2,---
2024/08/10,09:26:16.5,大隅半島東方沖,31°18.4′N,131°56.8′E,13 km,1.4,---
2024/08/10,09:29:39.3,石川県能登地方,37°09.7′N,136°50.1′E,11 km,0.7,---
2024/08/10,09:30:14.5,神奈川県西部,35°23.5′N,139°09.9′E,15 km,不明,---
2024/08/10,09:30:41.9,神奈川県西部,35°25.0′N,139°08.3′E,14 km,0.5,---
2024/08/10,09:33:45.1,京都府南部,35°03.3′N,135°36.4′E,14 km,0.9,---
2024/08/10,09:34:26.0,福島県沖,37°50.7′N,141°36.8′E,47 km,1.1,---
2024/08/10,09:36:08.6,神奈川県西部,35°25.5′N,139°10.2′E,14 km,不明,---
2024/08/10,09:37:13.5,長野県南部,35°50.9′N,138°02.0′E,8 km,1.2,---
2024/08/10,09:38:08.5,日向灘,31°36.5′N,132°06.3′E,22 km,1.6,---
2024/08/10,09:38:17.8,三陸沖,39°08.4′N,143°29.1′E,7 km,1.2,---
2024/08/10,09:40:10.8,和歌山県北部,34°04.1′N,135°07.6′E,4 km,0.6,---
2024/08/10,09:40:46.5,神奈川県西部,35°25.3′N,139°08.9′E,14 km,1.0,---
2024/08/10,09:42:21.6,神奈川県西部,35°24.8′N,139°10.2′E,14 km,0.7,---
2024/08/10,09:43:12.7,福島県沖,37°21.3′N,141°57.5′E,31 km,0.8,---
2024/08/10,09:45:39.0,神奈川県西部,35°14.1′N,139°01.6′E,2 km,0.5,---
2024/08/10,09:47:16.8,日向灘,31°46.3′N,131°55.3′E,16 km,1.1,---
2024/08/10,09:48:21.5,三陸沖,39°22.6′N,143°33.0′E,11 km,1.8,---
2024/08/10,09:48:41.8,能登半島沖,37°31.2′N,137°12.4′E,12 km,1.2,---
2024/08/10,09:51:18.3,神奈川県西部,35°14.3′N,139°01.5′E,1 km,-0.2,---
2024/08/10,09:52:55.6,日向灘,31°35.5′N,132°07.2′E,19 km,1.5,---
2024/08/10,09:56:06.8,宮城県北部,38°50.6′N,140°50.0′E,6 km,0.8,---
2024/08/10,09:58:03.7,日向灘,31°47.6′N,131°33.5′E,27 km,1.0,---
2024/08/10,10:01:07.3,福島県沖,37°09.4′N,141°55.6′E,29 km,1.2,---
2024/08/10,10:01:36.2,与那国島近海,24°54.1′N,123°23.0′E,20 km,不明,---
2024/08/10,10:04:04.6,神奈川県西部,35°14.0′N,139°01.6′E,2 km,-0.3,---
2024/08/10,10:05:24.7,神奈川県西部,35°14.0′N,139°01.5′E,2 km,不明,---
2024/08/10,10:06:52.1,新潟県上中越沖,37°40.3′N,137°38.9′E,14 km,1.6,---
2024/08/10,10:08:26.5,長野県南部,35°49.9′N,138°02.1′E,10 km,0.0,---
2024/08/10,10:09:29.8,神奈川県西部,35°25.1′N,139°10.1′E,14 km,0.5,---
2024/08/10,10:12:24.7,宮城県沖,38°43.3′N,141°35.2′E,52 km,0.5,---
2024/08/10,10:12:44.3,鹿児島県薩摩地方,31°55.0′N,130°19.0′E,3 km,-0.4,---
2024/08/10,10:14:20.8,神奈川県西部,35°24.8′N,139°09.7′E,17 km,0.2,---
2024/08/10,10:17:52.9,石川県能登地方,37°22.0′N,137°06.1′E,3 km,0.5,---
2024/08/10,10:18:29.7,西表島付近,24°14.9′N,123°43.3′E,19 km,0.7,---
2024/08/10,10:23:51.5,奄美大島近海,26°52.4′N,130°10.8′E,49 km,2.3,---
2024/08/10,10:25:30.0,千葉県北西部,35°51.6′N,140°28.4′E,36 km,0.7,---
2024/08/10,10:26:07.4,長野県中部,36°24.3′N,138°02.9′E,2 km,2.4,---
2024/08/10,10:26:47.3,能登半島沖,37°37.8′N,137°29.3′E,13 km,2.0,---
2024/08/10,10:27:03.1,秋田県内陸南部,39°59.1′N,140°45.4′E,3 km,0.5,---
2024/08/10,10:28:56.7,石川県能登地方,37°14.7′N,136°46.5′E,7 km,0.6,---
2024/08/10,10:29:26.4,佐渡付近,37°49.4′N,137°39.8′E,15 km,0.9,---
2024/08/10,10:30:45.8,長野県中部,36°24.2′N,138°03.3′E,3 km,0.9,---
2024/08/10,10:33:52.5,択捉島南東沖,44°15.9′N,147°39.5′E,94 km,2.5,---
2024/08/10,10:34:08.8,長野県中部,36°24.6′N,138°03.2′E,5 km,-0.8,---
2024/08/10,10:34:14.1,長野県中部,36°24.7′N,138°03.1′E,5 km,-0.4,---
2024/08/10,10:38:03.2,神奈川県西部,35°24.0′N,139°09.5′E,14 km,1.0,---
2024/08/10,10:41:28.2,岐阜県美濃中西部,35°27.4′N,136°48.1′E,8 km,0.1,---
2024/08/10,10:44:13.6,能登半島沖,37°36.6′N,137°17.8′E,10 km,1.3,---
2024/08/10,10:44:32.4,静岡県中部,35°14.1′N,138°23.8′E,19 km,0.1,---
2024/08/10,10:48:57.6,種子島南東沖,29°42.5′N,131°04.5′E,28 km,1.4,---
2024/08/10,10:51:22.6,神奈川県西部,35°24.7′N,139°09.2′E,13 km,-0.3,---
2024/08/10,10:52:33.4,長野県南部,35°54.6′N,138°08.2′E,3 km,-0.5,---
2024/08/10,10:57:50.4,日向灘,31°39.9′N,131°56.7′E,12 km,1.2,---
2024/08/10,11:00:04.2,種子島南東沖,29°53.2′N,131°24.5′E,16 km,1.2,---
2024/08/10,11:00:47.6,種子島南東沖,29°35.1′N,131°09.0′E,41 km,1.7,---
2024/08/10,11:02:24.5,神奈川県西部,35°24.6′N,139°09.4′E,12 km,0.5,---
2024/08/10,11:05:21.6,日向灘,31°38.7′N,131°40.6′E,32 km,0.7,---
2024/08/10,11:08:10.9,房総半島南方沖,34°23.9′N,140°14.3′E,36 km,1.2,---
2024/08/10,11:08:47.1,福島県沖,37°20.3′N,141°57.9′E,26 km,1.2,---
2024/08/10,11:09:17.8,宮古島北西沖,25°11.2′N,124°34.1′E,88 km,1.9,---
2024/08/10,11:13:13.7,鹿児島県薩摩地方,32°07.9′N,130°40.7′E,10 km,-0.1,---
2024/08/10,11:13:13.9,神奈川県西部,35°24.8′N,139°09.8′E,14 km,0.4,---
2024/08/10,11:13:34.3,神奈川県西部,35°24.9′N,139°10.1′E,13 km,0.3,---
2024/08/10,11:13:41.0,福島県沖,37°24.6′N,141°53.2′E,41 km,1.4,---
2024/08/10,11:15:27.6,八丈島東方沖,33°41.9′N,140°27.6′E,51 km,1.7,---
2024/08/10,11:15:28.3,神奈川県西部,35°25.0′N,139°10.0′E,13 km,0.5,---
2024/08/10,11:16:14.0,岐阜県飛騨地方,36°08.3′N,137°25.9′E,6 km,0.3,---
2024/08/10,11:19:30.6,福島県沖,37°08.1′N,141°04.0′E,53 km,1.6,---
2024/08/10,11:20:19.1,宗谷地方南部,44°48.7′N,142°22.3′E,12 km,0.7,---
2024/08/10,11:24:13.2,静岡県中部,34°59.2′N,138°07.9′E,24 km,1.8,---
2024/08/10,11:27:34.1,福島県沖,37°32.5′N,141°49.7′E,27 km,2.4,---
2024/08/10,11:28:59.2,石川県能登地方,37°12.7′N,136°48.1′E,8 km,0.5,---
2024/08/10,11:29:04.1,鹿児島県薩摩地方,32°07.9′N,130°40.3′E,10 km,0.1,---
2024/08/10,11:29:09.2,熊本県熊本地方,32°59.5′N,130°37.8′E,13 km,0.6,---
2024/08/10,11:30:08.0,石川県能登地方,37°19.6′N,136°51.8′E,1 km,0.5,---
2024/08/10,11:30:48.3,宮崎県南部山沿い,31°55.8′N,130°55.3′E,0 km,0.1,---
2024/08/10,11:31:55.6,四国沖,33°31.1′N,134°50.4′E,31 km,0.9,---
2024/08/10,11:32:50.2,宮城県沖,38°38.7′N,141°44.5′E,47 km,0.9,---
2024/08/10,11:33:01.1,日向灘,31°42.0′N,131°55.6′E,25 km,1.3,---
2024/08/10,11:35:57.1,沖縄本島近海,26°46.8′N,127°11.2′E,7 km,2.1,---
2024/08/10,11:37:36.7,十勝沖,42°13.0′N,144°23.4′E,8 km,2.5,---
2024/08/10,11:37:47.8,大隅半島東方沖,30°45.9′N,131°30.3′E,33 km,0.9,---
2024/08/10,11:41:56.2,鹿児島県薩摩地方,32°07.9′N,130°40.8′E,10 km,0.2,---
2024/08/10,11:42:30.8,長野県南部,35°53.6′N,137°37.1′E,9 km,0.2,---
2024/08/10,11:43:03.7,新潟県上中越沖,37°38.9′N,137°38.6′E,11 km,1.4,---
2024/08/10,11:43:47.9,新潟県上中越沖,37°41.3′N,137°30.7′E,12 km,1.3,---
2024/08/10,11:46:10.2,三陸沖,39°29.4′N,143°32.2′E,7 km,1.9,---
2024/08/10,11:47:07.3,宮城県沖,38°58.1′N,142°22.9′E,31 km,1.4,---
2024/08/10,11:47:26.6,長野県中部,36°24.4′N,138°03.5′E,4 km,0.0,---
2024/08/10,11:48:22.5,岩手県沖,39°43.4′N,142°25.7′E,5 km,不明,---
2024/08/10,11:50:14.0,長野県中部,36°23.9′N,138°04.4′E,7 km,0.5,---
2024/08/10,11:51:24.6,福井県嶺北,35°54.1′N,136°22.5′E,9 km,0.1,---
2024/08/10,11:51:33.1,熊本県球磨地方,32°08.0′N,130°40.8′E,10 km,0.5,---
2024/08/10,11:53:05.6,静岡県中部,34°58.3′N,138°08.5′E,27 km,0.1,---
2024/08/10,11:55:27.5,神奈川県西部,35°24.7′N,139°09.7′E,13 km,1.8,---
2024/08/10,11:56:47.7,和歌山県南部,33°47.2′N,135°34.1′E,9 km,0.8,---
2024/08/10,11:59:27.6,茨城県沖,36°25.1′N,141°07.4′E,33 km,1.0,---
2024/08/10,12:03:03.0,茨城県沖,36°10.1′N,141°55.6′E,12 km,3.4,---
2024/08/10,12:05:28.5,日向灘,31°47.9′N,132°05.5′E,24 km,1.2,---
2024/08/10,12:08:36.0,伊予灘,33°31.8′N,131°47.5′E,71 km,0.5,---
2024/08/10,12:08:40.7,長野県中部,36°24.3′N,138°03.8′E,6 km,-0.3,---
2024/08/10,12:10:55.2,熊本県熊本地方,32°33.0′N,130°41.3′E,11 km,1.0,---
2024/08/10,12:20:56.4,日向灘,31°37.8′N,132°05.3′E,17 km,1.2,---
2024/08/10,12:21:11.1,長野県中部,36°25.2′N,138°02.4′E,2 km,-0.3,---
2024/08/10,12:24:10.1,神奈川県西部,35°24.9′N,139°09.7′E,12 km,0.4,---
2024/08/10,12:24:55.7,日向灘,31°35.5′N,132°05.9′E,28 km,1.7,---
2024/08/10,12:26:40.4,長野県南部,35°15.7′N,137°41.7′E,5 km,-0.3,---
2024/08/10,12:27:40.9,静岡県中部,35°02.9′N,138°23.2′E,24 km,0.7,---
2024/08/10,12:28:31.6,オホーツク海南部,46°47.8′N,145°00.3′E,447 km,6.7,---
2024/08/10,12:29:21.3,能登半島沖,37°16.8′N,136°42.7′E,11 km,0.7,---
2024/08/10,12:33:43.5,日向灘,31°34.5′N,132°06.1′E,30 km,3.0,---
2024/08/10,12:41:01.5,長野県中部,35°57.5′N,138°35.6′E,177 km,2.0,---
2024/08/10,12:42:36.0,長崎県南西部,32°54.1′N,129°53.1′E,10 km,0.5,---
2024/08/10,12:44:01.9,日向灘,31°34.5′N,132°07.5′E,26 km,1.4,---
2024/08/10,12:48:50.0,日向灘,32°22.1′N,131°57.9′E,23 km,0.6,---
2024/08/10,12:49:45.8,神奈川県西部,35°24.9′N,139°10.2′E,14 km,0.1,---
2024/08/10,12:54:20.6,伊豆大島近海,35°01.0′N,139°40.8′E,48 km,1.5,---
2024/08/10,12:55:44.1,石川県能登地方,37°13.1′N,136°43.6′E,5 km,1.8,---
2024/08/10,12:56:03.1,神奈川県西部,35°24.6′N,139°08.2′E,12 km,0.9,---
2024/08/10,12:56:43.4,日向灘,31°36.1′N,132°07.8′E,25 km,1.1,---
2024/08/10,13:00:26.6,天草灘,32°30.0′N,129°56.5′E,13 km,-0.1,---
2024/08/10,13:01:25.6,三陸沖,40°20.6′N,143°18.9′E,6 km,1.1,---
2024/08/10,13:01:46.4,鹿児島県薩摩地方,31°13.5′N,130°38.7′E,12 km,0.3,---
2024/08/10,13:03:57.2,神奈川県西部,35°24.8′N,139°09.1′E,13 km,0.7,---
2024/08/10,13:04:13.5,日向灘,31°35.4′N,131°53.4′E,0 km,1.0,---
2024/08/10,13:04:19.7,鹿児島県薩摩地方,31°13.7′N,130°38.7′E,13 km,0.1,---
2024/08/10,13:04:44.6,日向灘,31°34.0′N,132°09.2′E,25 km,1.3,---
2024/08/10,13:05:31.5,石川県能登地方,37°11.9′N,136°50.4′E,12 km,0.6,---
2024/08/10,13:07:19.7,台湾付近,24°05.4′N,121°56.8′E,31 km,2.2,---
2024/08/10,13:07:23.4,石川県能登地方,37°15.5′N,136°45.3′E,10 km,0.7,---
2024/08/10,13:07:40.0,三陸沖,37°52.6′N,144°37.6′E,22 km,1.9,---
2024/08/10,13:08:09.1,長野県南部,35°50.7′N,138°02.5′E,10 km,-0.2,---
2024/08/10,13:09:37.5,神奈川県西部,35°25.4′N,139°09.4′E,13 km,0.2,---
2024/08/10,13:10:49.4,宮崎県南部山沿い,31°58.2′N,130°50.9′E,0 km,0.0,---
2024/08/10,13:13:21.9,奄美大島近海,28°26.0′N,130°19.4′E,17 km,1.6,---
2024/08/10,13:13:41.3,石川県加賀地方,36°30.8′N,136°39.1′E,13 km,0.4,---
2024/08/10,13:13:47.3,四国沖,33°20.1′N,134°44.4′E,7 km,0.7,---
2024/08/10,13:13:54.7,青森県東方沖,41°27.2′N,142°59.6′E,26 km,1.2,---
2024/08/10,13:13:59.4,神奈川県西部,35°24.9′N,139°09.6′E,12 km,0.1,---
2024/08/10,13:14:02.9,石川県能登地方,37°27.1′N,137°08.3′E,9 km,1.1,---
2024/08/10,13:14:39.4,長野県北部,36°40.0′N,138°13.6′E,10 km,1.2,---
2024/08/10,13:14:56.5,与那国島近海,24°14.0′N,123°17.0′E,20 km,1.8,---
2024/08/10,13:17:01.9,日向灘,31°48.9′N,131°35.2′E,33 km,0.5,---
2024/08/10,13:17:29.6,三陸沖,38°54.5′N,144°41.2′E,12 km,1.5,---
2024/08/10,13:17:33.9,鹿児島県薩摩地方,31°52.0′N,130°49.3′E,4 km,0.4,---
2024/08/10,13:20:33.8,福島県沖,36°51.7′N,142°01.6′E,13 km,2.3,---
2024/08/10,13:21:02.4,神奈川県西部,35°24.8′N,139°09.9′E,14 km,0.4,---
2024/08/10,13:21:35.5,日向灘,31°34.8′N,132°09.0′E,26 km,1.4,---
2024/08/10,13:21:40.9,石川県能登地方,36°53.7′N,136°48.5′E,8 km,0.6,---
2024/08/10,13:21:49.0,紀伊水道,34°09.3′N,135°06.8′E,7 km,0.0,---
2024/08/10,13:24:15.8,沖縄本島近海,27°16.2′N,128°56.3′E,21 km,1.4,---
2024/08/10,13:24:23.0,日向灘,31°29.6′N,131°52.4′E,15 km,1.5,---
2024/08/10,13:24:58.2,日向灘,31°29.2′N,131°50.2′E,22 km,1.6,---
2024/08/10,13:25:07.6,長野県南部,35°54.5′N,137°38.7′E,5 km,0.8,---
2024/08/10,13:26:36.6,神奈川県西部,35°24.8′N,139°08.8′E,14 km,1.1,---
2024/08/10,13:27:00.8,鹿児島県薩摩地方,31°52.1′N,130°49.6′E,5 km,0.2,---
2024/08/10,13:28:57.2,鹿児島県薩摩地方,31°51.5′N,130°49.0′E,3 km,1.3,---
2024/08/10,13:31:02.3,能登半島沖,37°35.5′N,137°26.1′E,11 km,1.6,---
2024/08/10,13:31:14.4,日向灘,31°35.9′N,132°09.2′E,20 km,1.6,---
2024/08/10,13:31:26.8,熊本県熊本地方,32°38.5′N,130°43.0′E,12 km,0.1,---
2024/08/10,13:31:27.6,鹿児島県薩摩地方,32°01.7′N,130°30.7′E,10 km,-0.1,---
2024/08/10,13:32:15.3,福島県沖,37°19.1′N,141°56.0′E,30 km,1.4,---
2024/08/10,13:36:06.2,日向灘,31°35.0′N,132°08.8′E,34 km,1.5,---
2024/08/10,13:38:57.8,宮城県沖,38°18.8′N,142°05.7′E,34 km,1.2,---
2024/08/10,13:46:25.3,神奈川県西部,35°24.8′N,139°10.1′E,15 km,0.2,---
2024/08/10,13:47:46.1,日向灘,31°34.8′N,132°06.3′E,34 km,3.7,---
2024/08/10,13:48:52.5,神奈川県西部,35°24.6′N,139°09.2′E,13 km,0.8,---
2024/08/10,13:52:29.9,日向灘,31°48.3′N,131°53.9′E,15 km,1.2,---
2024/08/10,13:55:02.6,日向灘,31°35.5′N,132°09.4′E,21 km,1.2,---
2024/08/10,13:55:30.5,石川県能登地方,37°14.2′N,136°49.7′E,13 km,0.7,---
2024/08/10,13:56:39.2,石川県能登地方,37°13.5′N,136°48.9′E,9 km,1.3,---
2024/08/10,13:57:23.1,台湾付近,23°57.7′N,121°41.2′E,25 km,2.1,---
2024/08/10,13:57:38.9,福島県沖,37°51.4′N,141°35.1′E,48 km,1.0,---
2024/08/10,13:58:48.6,台湾付近,24°05.7′N,121°56.9′E,33 km,2.8,---
2024/08/10,14:01:13.0,福島県沖,37°30.7′N,142°22.8′E,45 km,1.1,---
2024/08/10,14:02:30.8,神奈川県西部,35°24.6′N,139°09.4′E,13 km,0.4,---
2024/08/10,14:03:17.9,石川県能登地方,37°28.5′N,137°18.5′E,11 km,1.1,---
2024/08/10,14:03:27.2,神奈川県西部,35°24.2′N,139°09.0′E,13 km,0.4,---
2024/08/10,14:12:08.9,岩手県内陸北部,40°14.2′N,141°15.7′E,9 km,0.3,---
2024/08/10,14:12:10.2,鹿児島湾,31°40.2′N,130°45.6′E,2 km,0.7,---
2024/08/10,14:13:14.9,種子島南東沖,29°46.4′N,130°59.8′E,37 km,1.0,---
2024/08/10,14:14:16.1,神奈川県西部,35°24.7′N,139°10.0′E,12 km,0.3,---
2024/08/10,14:16:33.7,長野県南部,35°31.5′N,137°45.9′E,10 km,0.4,---
2024/08/10,14:16:36.4,長野県南部,35°31.5′N,137°45.8′E,10 km,0.4,---
2024/08/10,14:16:48.2,日向灘,31°37.6′N,132°04.4′E,17 km,1.4,---
2024/08/10,14:17:05.4,神奈川県西部,35°24.3′N,139°09.1′E,12 km,0.7,---
2024/08/10,14:17:50.9,大隅半島東方沖,31°05.5′N,131°37.1′E,34 km,1.3,---
2024/08/10,14:18:14.8,青森県津軽南部,40°31.1′N,140°49.3′E,6 km,0.3,---
2024/08/10,14:18:15.9,熊本県熊本地方,32°35.3′N,130°39.8′E,12 km,3.7,---
2024/08/10,14:20:08.0,熊本県熊本地方,32°35.5′N,130°39.3′E,11 km,0.7,---
2024/08/10,14:20:15.2,青森県三八上北地方,40°36.5′N,140°55.7′E,6 km,0.4,---
2024/08/10,14:21:15.9,紀伊水道,33°41.4′N,135°20.4′E,39 km,1.0,---
2024/08/10,14:22:55.0,台湾付近,24°19.8′N,121°50.7′E,8 km,2.2,---
2024/08/10,14:23:32.1,台湾付近,24°06.9′N,121°56.8′E,32 km,2.0,---
2024/08/10,14:24:31.4,岩手県内陸北部,40°09.6′N,141°11.4′E,12 km,0.4,---
2024/08/10,14:25:21.8,日高地方西部,42°48.5′N,142°31.1′E,34 km,0.4,---
2024/08/10,14:25:51.1,留萌地方南部,44°04.3′N,141°49.7′E,12 km,0.6,---
2024/08/10,14:27:19.0,岩手県内陸南部,39°09.5′N,141°09.1′E,83 km,0.6,---
2024/08/10,14:31:18.6,神奈川県西部,35°24.9′N,139°09.6′E,12 km,0.5,---
2024/08/10,14:31:41.0,神奈川県西部,35°25.4′N,139°10.2′E,10 km,0.1,---
2024/08/10,14:35:04.6,伊予灘,33°23.9′N,132°04.2′E,52 km,0.3,---
2024/08/10,14:37:05.5,神奈川県西部,35°24.3′N,139°09.3′E,15 km,1.8,---
2024/08/10,14:37:30.4,神奈川県西部,35°24.8′N,139°10.8′E,13 km,0.7,---
2024/08/10,14:38:12.6,能登半島沖,37°31.8′N,137°13.8′E,11 km,0.4,---
2024/08/10,14:38:29.0,宮城県沖,37°51.0′N,142°29.1′E,16 km,2.0,---
2024/08/10,14:39:03.9,石川県能登地方,37°26.4′N,137°10.9′E,14 km,1.4,---
2024/08/10,14:39:18.6,長野県中部,36°24.6′N,138°03.3′E,5 km,0.0,---
2024/08/10,14:40:32.1,能登半島沖,37°24.9′N,136°56.6′E,0 km,1.1,---
2024/08/10,14:43:33.1,神奈川県西部,35°24.7′N,139°10.2′E,13 km,0.3,---
2024/08/10,14:53:04.3,熊本県熊本地方,32°35.4′N,130°39.3′E,14 km,-0.1,---
2024/08/10,14:53:56.3,福島県沖,37°16.9′N,141°43.3′E,41 km,2.3,---
2024/08/10,14:54:12.0,日向灘,31°36.8′N,132°03.4′E,16 km,1.2,---
2024/08/10,14:54:37.3,西表島付近,24°23.6′N,123°37.7′E,56 km,1.1,---
2024/08/10,14:57:24.8,宮城県沖,38°29.0′N,142°04.3′E,37 km,1.4,---
2024/08/10,14:57:26.0,神奈川県西部,35°24.6′N,139°09.4′E,14 km,0.4,---
2024/08/10,14:59:05.3,熊本県熊本地方,32°35.6′N,130°39.9′E,11 km,0.5,---
2024/08/10,15:02:52.5,大隅半島東方沖,31°17.7′N,131°54.9′E,23 km,1.3,---
2024/08/10,15:03:52.4,神奈川県西部,35°24.3′N,139°09.4′E,13 km,0.0,---
2024/08/10,15:05:18.3,日向灘,31°47.9′N,131°53.5′E,18 km,1.3,---
2024/08/10,15:07:30.6,日向灘,31°48.7′N,131°52.3′E,0 km,1.1,---
2024/08/10,15:08:03.9,熊本県熊本地方,32°35.4′N,130°39.3′E,11 km,0.2,---
2024/08/10,15:11:41.7,長崎県南西部,32°44.3′N,129°56.8′E,11 km,0.0,---
2024/08/10,15:16:54.5,奄美大島近海,28°27.4′N,130°16.5′E,17 km,1.4,---
2024/08/10,15:20:06.6,栃木県北部,37°01.5′N,139°39.0′E,9 km,0.8,---
2024/08/10,15:20:58.9,三陸沖,39°08.2′N,143°29.3′E,7 km,1.2,---
2024/08/10,15:21:10.9,大隅半島東方沖,31°17.6′N,131°55.7′E,23 km,1.9,---
2024/08/10,15:25:11.1,大隅半島東方沖,31°18.5′N,131°54.6′E,25 km,1.6,---
2024/08/10,15:26:00.9,能登半島沖,37°31.6′N,137°13.2′E,12 km,1.5,---
2024/08/10,15:26:12.0,大隅半島東方沖,31°17.3′N,131°55.0′E,23 km,1.8,---
2024/08/10,15:30:58.9,大隅半島東方沖,31°18.3′N,131°55.7′E,22 km,1.8,---
2024/08/10,15:35:32.5,長野県南部,35°51.9′N,137°37.9′E,8 km,0.3,---
2024/08/10,15:35:49.3,秋田県内陸北部,40°10.7′N,140°33.7′E,11 km,0.6,---
2024/08/10,15:36:12.0,福島県沖,36°42.8′N,142°13.9′E,14 km,2.2,---
2024/08/10,15:36:32.1,長野県南部,35°56.4′N,137°38.4′E,4 km,-0.6,---
2024/08/10,15:37:23.6,三陸沖,40°27.6′N,145°07.5′E,18 km,2.7,---
2024/08/10,15:37:46.5,大隅半島東方沖,31°16.7′N,131°58.3′E,23 km,1.6,---
2024/08/10,15:38:19.9,石川県能登地方,37°13.6′N,136°48.9′E,8 km,0.8,---
2024/08/10,15:40:17.2,日向灘,31°38.0′N,132°05.0′E,0 km,1.0,---
2024/08/10,15:41:34.4,福島県中通り,37°37.7′N,140°20.6′E,103 km,1.7,---
2024/08/10,15:41:58.5,神奈川県西部,35°25.4′N,139°09.7′E,12 km,0.2,---
2024/08/10,15:44:02.3,日向灘,32°29.0′N,131°56.3′E,42 km,1.0,---
2024/08/10,15:46:18.2,千葉県北東部,35°43.6′N,140°42.6′E,50 km,1.7,---
2024/08/10,15:48:28.1,青森県東方沖,41°06.5′N,142°58.7′E,22 km,0.9,---
2024/08/10,15:48:49.4,熊本県天草・芦北地方,32°13.2′N,130°19.5′E,12 km,0.6,---
2024/08/10,15:51:49.5,新潟県中越地方,37°16.0′N,138°58.5′E,10 km,1.1,---
2024/08/10,15:52:29.8,愛知県西部,35°19.4′N,136°49.8′E,40 km,0.4,---
2024/08/10,16:02:51.3,愛知県西部,34°52.6′N,137°03.2′E,38 km,0.9,---
2024/08/10,16:03:43.9,岩手県沖,39°01.4′N,142°23.6′E,24 km,0.9,---
2024/08/10,16:06:41.3,長野県中部,36°20.6′N,138°02.3′E,4 km,0.3,---
2024/08/10,16:08:47.4,山口県中部,34°04.0′N,131°55.1′E,12 km,0.7,---
2024/08/10,16:10:28.1,愛媛県南予,33°03.3′N,132°38.9′E,12 km,0.1,---
2024/08/10,16:14:38.5,福島県中通り,37°04.2′N,140°37.6′E,14 km,0.6,---
2024/08/10,16:14:58.8,和歌山県北部,34°12.2′N,135°13.0′E,4 km,0.8,---
2024/08/10,16:24:31.1,石川県西方沖,36°23.0′N,136°13.9′E,16 km,1.3,---
2024/08/10,16:24:44.4,宮城県沖,37°58.8′N,141°40.3′E,48 km,0.9,---
2024/08/10,16:25:53.2,釧路地方中南部,43°12.1′N,145°15.3′E,102 km,2.1,---
2024/08/10,16:29:59.5,福島県沖,37°35.9′N,141°50.6′E,37 km,1.2,---
2024/08/10,16:34:23.8,大隅半島東方沖,31°18.2′N,131°54.4′E,22 km,1.2,---
2024/08/10,16:35:05.7,沖縄本島近海,27°24.1′N,128°46.2′E,37 km,0.7,---
2024/08/10,16:40:06.2,九州地方南東沖,30°33.9′N,132°21.1′E,53 km,1.8,---
2024/08/10,16:40:44.1,長野県南部,35°52.3′N,137°37.8′E,8 km,0.5,---
2024/08/10,16:40:59.5,福島県沖,37°24.2′N,141°50.5′E,11 km,1.5,---
2024/08/10,16:43:24.0,岩手県内陸北部,40°08.6′N,141°10.5′E,11 km,0.3,---
2024/08/10,16:43:42.6,大隅半島東方沖,31°18.2′N,131°53.0′E,24 km,1.5,---
2024/08/10,16:43:45.7,大隅半島東方沖,31°14.8′N,131°57.0′E,29 km,2.0,---
2024/08/10,16:44:10.4,日向灘,31°35.9′N,132°06.7′E,22 km,2.4,---
2024/08/10,16:45:30.9,石垣島北西沖,25°12.5′N,124°00.9′E,150 km,1.7,---
2024/08/10,16:45:33.0,長野県南部,35°52.2′N,137°37.7′E,8 km,0.0,---
2024/08/10,16:46:09.8,日向灘,31°34.1′N,132°05.1′E,30 km,2.1,---
2024/08/10,16:46:53.3,三陸沖,39°22.6′N,143°33.3′E,9 km,1.1,---
2024/08/10,16:47:23.4,日向灘,31°35.6′N,132°08.3′E,20 km,1.5,---
2024/08/10,16:47:36.5,愛媛県南予,33°26.8′N,132°30.6′E,41 km,0.3,---
2024/08/10,16:48:27.9,神奈川県西部,35°25.8′N,139°09.5′E,18 km,0.6,---
2024/08/10,16:49:38.3,大隅半島東方沖,31°18.4′N,131°55.0′E,22 km,1.3,---
2024/08/10,16:50:33.4,大隅半島東方沖,31°18.3′N,131°54.5′E,25 km,2.1,---
2024/08/10,16:51:30.9,大隅半島東方沖,31°17.7′N,131°55.4′E,25 km,2.5,---
2024/08/10,16:52:32.4,神奈川県西部,35°24.7′N,139°09.0′E,13 km,0.9,---
2024/08/10,16:53:17.3,大隅半島東方沖,31°18.1′N,131°54.7′E,23 km,2.4,---
2024/08/10,16:53:40.8,神奈川県西部,35°25.6′N,139°09.1′E,14 km,0.3,---
2024/08/10,16:54:15.6,福島県沖,37°50.6′N,141°37.6′E,47 km,1.1,---
2024/08/10,16:54:20.7,大隅半島東方沖,31°17.9′N,131°55.7′E,23 km,2.6,---
2024/08/10,16:55:14.4,宮崎県南部平野部,31°54.5′N,131°13.2′E,60 km,0.7,---
2024/08/10,16:56:15.8,日向灘,32°41.5′N,132°01.9′E,38 km,0.7,---
2024/08/10,16:56:56.0,秋田県内陸南部,38°58.5′N,140°34.2′E,3 km,1.0,---
2024/08/10,16:58:12.8,大隅半島東方沖,31°18.2′N,131°57.1′E,20 km,1.3,---
2024/08/10,17:00:13.8,熊本県熊本地方,32°40.6′N,130°42.4′E,7 km,0.0,---
2024/08/10,17:00:42.9,大隅半島東方沖,31°17.4′N,131°50.8′E,38 km,0.7,---
2024/08/10,17:01:52.7,長野県中部,36°20.4′N,138°02.2′E,4 km,-0.1,---
2024/08/10,17:02:54.0,大隅半島東方沖,31°16.5′N,131°54.5′E,24 km,1.7,---
2024/08/10,17:04:14.4,大隅半島東方沖,31°17.0′N,131°55.6′E,23 km,0.9,---
2024/08/10,17:06:00.0,日向灘,31°37.2′N,131°49.3′E,9 km,1.0,---
2024/08/10,17:06:09.8,鹿児島県薩摩地方,31°58.9′N,130°26.0′E,11 km,-0.2,---
2024/08/10,17:07:18.0,茨城県沖,36°47.3′N,141°19.8′E,26 km,1.9,---
2024/08/10,17:07:48.3,石川県能登地方,37°14.4′N,136°44.9′E,8 km,0.4,---
2024/08/10,17:10:08.5,大隅半島東方沖,31°15.3′N,131°51.7′E,32 km,不明,---
2024/08/10,17:11:42.2,大隅半島東方沖,31°16.8′N,131°55.0′E,23 km,1.1,---
2024/08/10,17:11:54.5,日向灘,31°35.0′N,132°06.3′E,27 km,2.0,---
2024/08/10,17:13:04.1,日向灘,31°35.1′N,132°06.9′E,28 km,1.9,---
2024/08/10,17:14:48.1,和歌山県北部,34°15.5′N,135°26.0′E,7 km,0.5,---
2024/08/10,17:16:02.3,茨城県沖,36°09.8′N,141°56.2′E,8 km,1.4,---
2024/08/10,17:16:52.7,日向灘,31°33.4′N,131°50.6′E,12 km,1.1,---
2024/08/10,17:17:44.3,奄美大島近海,28°20.2′N,129°23.1′E,35 km,1.5,---
2024/08/10,17:19:33.1,神奈川県西部,35°24.9′N,139°09.4′E,14 km,0.2,---
2024/08/10,17:20:12.5,神奈川県西部,35°24.4′N,139°09.2′E,12 km,2.7,---
2024/08/10,17:22:01.9,愛知県東部,35°11.9′N,137°42.9′E,15 km,-0.1,---
2024/08/10,17:22:26.0,石川県能登地方,37°21.0′N,136°49.5′E,9 km,不明,---
2024/08/10,17:22:33.0,石川県能登地方,37°21.3′N,136°49.4′E,7 km,1.3,---
2024/08/10,17:23:28.5,岩手県沖,39°12.0′N,142°22.7′E,34 km,1.6,---
2024/08/10,17:23:28.8,種子島南東沖,29°39.3′N,131°08.1′E,50 km,1.9,---
2024/08/10,17:23:53.3,神奈川県西部,35°24.4′N,139°10.4′E,14 km,-0.2,---
2024/08/10,17:25:08.4,熊本県熊本地方,32°35.2′N,130°39.2′E,11 km,0.2,---
2024/08/10,17:25:27.5,北海道南西沖,42°26.0′N,139°23.8′E,213 km,不明,---
2024/08/10,17:26:47.4,十勝地方中部,42°51.8′N,143°29.5′E,87 km,0.6,---
2024/08/10,17:31:41.5,種子島近海,30°51.9′N,130°15.7′E,144 km,1.4,---
2024/08/10,17:31:46.3,福島県沖,37°10.3′N,142°12.0′E,18 km,1.5,---
2024/08/10,17:32:06.5,日向灘,31°36.6′N,132°06.3′E,12 km,不明,---
2024/08/10,17:32:10.4,長野県中部,36°07.9′N,137°44.6′E,6 km,-0.3,---
2024/08/10,17:32:28.1,神奈川県西部,35°25.5′N,139°10.0′E,13 km,0.2,---
2024/08/10,17:33:21.3,日向灘,31°40.7′N,131°57.4′E,16 km,1.0,---
2024/08/10,17:33:58.1,静岡県西部,34°55.7′N,137°46.9′E,21 km,0.1,---
2024/08/10,17:34:05.9,日向灘,31°47.6′N,131°51.0′E,28 km,1.4,---
2024/08/10,17:35:09.7,富山県東部,36°30.2′N,137°30.5′E,10 km,0.2,---
2024/08/10,17:35:33.6,福島県沖,37°39.1′N,141°59.6′E,35 km,不明,---
2024/08/10,17:36:43.3,日向灘,31°47.5′N,131°50.9′E,14 km,0.9,---
2024/08/10,17:37:11.3,神奈川県西部,35°25.5′N,139°10.4′E,13 km,-0.4,---
2024/08/10,17:37:28.0,神奈川県西部,35°24.9′N,139°08.4′E,11 km,0.3,---
2024/08/10,17:38:52.1,石川県能登地方,37°22.1′N,136°56.4′E,10 km,1.1,---
2024/08/10,17:40:29.1,京都府沖,35°42.8′N,134°59.6′E,10 km,0.6,---
2024/08/10,17:40:40.0,石川県能登地方,37°23.1′N,136°54.8′E,12 km,0.4,---
2024/08/10,17:43:30.8,神奈川県西部,35°24.7′N,139°09.8′E,14 km,1.6,---
2024/08/10,17:43:51.6,神奈川県西部,35°24.8′N,139°09.9′E,13 km,1.1,---
2024/08/10,17:43:58.1,大阪府北部,35°02.4′N,135°21.3′E,13 km,0.2,---
2024/08/10,17:44:45.4,福島県沖,37°50.2′N,141°37.3′E,49 km,2.0,---
2024/08/10,17:45:47.2,日向灘,31°34.9′N,132°06.4′E,31 km,2.4,---
2024/08/10,17:45:57.9,神奈川県西部,35°24.7′N,139°10.2′E,15 km,0.2,---
2024/08/10,17:46:06.1,神奈川県西部,35°25.2′N,139°10.2′E,14 km,0.0,---
2024/08/10,17:47:05.3,日向灘,31°38.3′N,132°05.4′E,14 km,不明,---
2024/08/10,17:49:09.0,神奈川県西部,35°24.8′N,139°09.5′E,14 km,不明,---
2024/08/10,17:49:28.5,台湾付近,21°48.7′N,120°54.8′E,50 km,4.0,---
2024/08/10,17:50:19.8,宮城県沖,38°22.8′N,142°08.7′E,36 km,2.6,---
2024/08/10,17:51:31.9,和歌山県北部,34°12.8′N,135°10.5′E,5 km,0.5,---
2024/08/10,17:53:13.9,日向灘,31°37.4′N,132°04.7′E,0 km,不明,---
2024/08/10,17:53:58.7,日向灘,31°47.2′N,131°51.9′E,27 km,1.8,---
2024/08/10,17:55:35.2,宮城県沖,38°22.7′N,142°08.9′E,39 km,0.9,---
2024/08/10,17:57:21.1,熊本県熊本地方,32°35.1′N,130°40.0′E,11 km,1.3,---
2024/08/10,17:58:45.8,福島県沖,37°41.5′N,141°33.3′E,51 km,1.0,---
2024/08/10,17:59:44.7,長野県南部,35°52.1′N,137°37.9′E,8 km,0.8,---
2024/08/10,18:00:20.0,栃木県北部,36°45.7′N,139°48.8′E,131 km,不明,---
2024/08/10,18:00:45.5,福島県沖,37°47.1′N,141°42.2′E,55 km,1.7,---
2024/08/10,18:02:06.7,台湾付近,23°01.3′N,121°25.8′E,2 km,3.4,---
2024/08/10,18:02:27.2,石川県能登地方,37°31.2′N,137°15.0′E,12 km,1.6,---
2024/08/10,18:02:34.4,三陸沖,38°06.7′N,144°08.6′E,23 km,1.4,---
2024/08/10,18:02:56.2,大隅半島東方沖,31°19.1′N,131°56.7′E,15 km,1.0,---
2024/08/10,18:06:20.6,滋賀県北部,35°25.2′N,136°21.3′E,15 km,0.0,---
2024/08/10,18:06:30.2,滋賀県北部,35°25.4′N,136°20.9′E,13 km,0.1,---
2024/08/10,18:07:52.1,神奈川県西部,35°25.3′N,139°09.8′E,13 km,0.3,---
2024/08/10,18:08:13.3,浦河沖,41°36.7′N,142°58.6′E,30 km,1.5,---
2024/08/10,18:08:30.5,奄美大島近海,28°25.3′N,130°17.1′E,21 km,1.2,---
2024/08/10,18:12:34.5,神奈川県西部,35°24.6′N,139°08.7′E,13 km,0.2,---
2024/08/10,18:12:43.3,福島県中通り,37°06.4′N,140°34.0′E,8 km,0.5,---
2024/08/10,18:13:05.7,長野県南部,35°52.1′N,137°37.8′E,8 km,0.4,---
2024/08/10,18:13:50.8,福島県会津,37°46.1′N,140°03.5′E,6 km,0.5,---
2024/08/10,18:14:09.2,福島県沖,37°21.3′N,141°56.3′E,33 km,1.5,---
2024/08/10,18:15:22.6,長野県南部,35°55.3′N,138°04.9′E,9 km,-0.3,---
2024/08/10,18:15:24.8,佐渡付近,37°46.2′N,137°41.2′E,17 km,1.1,---
2024/08/10,18:17:46.6,能登半島沖,37°31.6′N,137°12.4′E,10 km,0.8,---
2024/08/10,18:18:17.6,愛知県東部,35°10.7′N,137°42.6′E,15 km,0.0,---
2024/08/10,18:21:05.0,奄美大島近海,28°26.2′N,130°16.3′E,21 km,1.6,---
2024/08/10,18:28:19.7,能登半島沖,37°38.2′N,137°27.9′E,12 km,1.3,---
2024/08/10,18:28:35.8,日向灘,31°36.8′N,131°49.3′E,0 km,1.0,---
2024/08/10,18:31:42.7,三宅島近海,33°35.4′N,139°19.0′E,21 km,2.1,---
2024/08/10,18:34:52.5,沖縄本島北西沖,27°50.4′N,127°27.7′E,180 km,1.8,---
2024/08/10,18:37:45.7,能登半島沖,37°22.4′N,136°42.7′E,7 km,0.5,---
2024/08/10,18:38:45.8,日向灘,31°34.7′N,132°05.3′E,29 km,2.3,---
2024/08/10,18:39:48.2,福島県沖,37°49.4′N,141°36.3′E,47 km,1.1,---
2024/08/10,18:40:23.8,日向灘,31°35.2′N,132°07.3′E,21 km,1.4,---
2024/08/10,18:41:07.5,福島県浜通り,37°32.6′N,140°49.6′E,86 km,1.5,---
2024/08/10,18:44:08.2,栃木県南部,36°35.8′N,139°33.3′E,7 km,0.0,---
2024/08/10,18:45:06.8,日向灘,31°36.6′N,132°05.4′E,11 km,1.5,---
2024/08/10,18:45:08.9,日向灘,31°43.3′N,131°47.9′E,12 km,不明,---
2024/08/10,18:45:47.4,種子島南東沖,29°45.8′N,131°05.7′E,35 km,1.3,---
2024/08/10,18:46:56.3,日向灘,31°41.0′N,131°39.3′E,23 km,0.8,---
2024/08/10,18:47:21.3,茨城県南部,36°13.9′N,139°47.0′E,58 km,0.0,---
2024/08/10,18:51:22.2,埼玉県北部,36°01.1′N,139°23.2′E,88 km,1.0,---
2024/08/10,18:54:31.0,日向灘,31°36.3′N,132°04.6′E,19 km,1.5,---
2024/08/10,18:54:57.5,神奈川県西部,35°24.1′N,139°09.0′E,13 km,0.3,---
2024/08/10,18:55:25.3,種子島南東沖,29°41.3′N,131°06.0′E,40 km,2.2,---
2024/08/10,18:55:50.8,関東東方沖,35°10.8′N,142°06.7′E,18 km,1.8,---
2024/08/10,18:56:19.7,日向灘,32°11.1′N,131°37.6′E,9 km,-0.2,---
2024/08/10,18:57:38.3,日向灘,31°36.5′N,132°04.9′E,11 km,0.9,---
2024/08/10,19:00:11.5,神奈川県西部,35°24.8′N,139°09.2′E,14 km,1.2,---
2024/08/10,19:01:20.8,神奈川県西部,35°24.7′N,139°09.4′E,14 km,不明,---
2024/08/10,19:04:34.8,神奈川県西部,35°25.4′N,139°10.4′E,13 km,不明,---
2024/08/10,19:04:47.3,日向灘,31°36.2′N,132°05.6′E,17 km,1.4,---
2024/08/10,19:05:35.5,熊本県熊本地方,32°33.2′N,130°41.1′E,11 km,0.3,---
2024/08/10,19:06:32.7,熊本県熊本地方,33°01.2′N,130°34.1′E,7 km,0.2,---
2024/08/10,19:06:43.4,宮城県沖,38°48.7′N,141°38.7′E,57 km,0.5,---
2024/08/10,19:08:06.8,福島県沖,37°30.8′N,143°59.0′E,24 km,2.5,---
2024/08/10,19:09:03.9,日向灘,31°36.6′N,132°05.6′E,13 km,1.4,---
2024/08/10,19:09:32.8,大阪府北部,34°57.4′N,135°29.6′E,12 km,不明,---
2024/08/10,19:09:55.0,岐阜県飛騨地方,36°00.9′N,137°31.3′E,6 km,0.1,---
2024/08/10,19:10:12.2,岐阜県飛騨地方,36°14.1′N,137°34.6′E,5 km,0.0,---
2024/08/10,19:10:20.7,日向灘,31°37.9′N,132°03.6′E,1 km,1.4,---
2024/08/10,19:10:57.3,日向灘,31°36.7′N,132°05.5′E,12 km,1.0,---
2024/08/10,19:10:58.6,岐阜県飛騨地方,36°09.7′N,137°27.8′E,6 km,0.3,---
2024/08/10,19:11:41.6,福島県沖,37°43.7′N,143°20.5′E,45 km,0.9,---
2024/08/10,19:12:41.6,日向灘,31°37.7′N,132°04.9′E,26 km,1.2,---
2024/08/10,19:13:10.0,和歌山県南方沖,33°22.2′N,135°48.3′E,20 km,1.2,---
2024/08/10,19:13:43.2,岐阜県飛騨地方,36°00.6′N,137°31.6′E,7 km,-0.4,---
2024/08/10,19:15:00.2,豊後水道,33°11.0′N,132°23.1′E,38 km,1.7,---
2024/08/10,19:15:00.6,日向灘,31°37.3′N,132°06.1′E,13 km,不明,---
2024/08/10,19:16:29.7,日向灘,31°37.5′N,132°03.6′E,0 km,1.4,---
2024/08/10,19:17:12.5,日向灘,31°35.1′N,132°05.0′E,20 km,1.4,---
2024/08/10,19:17:25.5,三陸沖,39°24.6′N,143°26.4′E,16 km,1.9,---
2024/08/10,19:17:32.4,愛知県東部,35°10.9′N,137°42.7′E,15 km,0.0,---
2024/08/10,19:19:02.9,日向灘,31°35.2′N,132°05.6′E,26 km,1.8,---
2024/08/10,19:20:30.0,空知地方南部,43°03.7′N,142°16.1′E,0 km,0.3,---
2024/08/10,19:21:26.8,岐阜県飛騨地方,36°00.6′N,137°31.7′E,8 km,-0.2,---
2024/08/10,19:22:08.8,岐阜県飛騨地方,36°04.8′N,137°32.4′E,4 km,-0.2,---
2024/08/10,19:22:16.9,和歌山県南方沖,33°23.2′N,135°47.9′E,19 km,0.5,---
2024/08/10,19:23:00.7,長野県南部,35°54.5′N,138°02.7′E,6 km,0.0,---
2024/08/10,19:25:03.9,佐渡付近,37°47.1′N,137°30.5′E,14 km,1.6,---
2024/08/10,19:25:57.6,鳥取県中部,35°22.5′N,133°51.7′E,9 km,0.1,---
2024/08/10,19:26:17.8,大隅半島東方沖,31°17.0′N,131°53.9′E,27 km,不明,---
2024/08/10,19:26:31.8,大隅半島東方沖,31°17.9′N,131°55.7′E,20 km,2.6,---
2024/08/10,19:29:15.1,岩手県沿岸北部,40°09.4′N,141°42.7′E,72 km,0.6,---
2024/08/10,19:29:19.9,日向灘,31°47.7′N,131°45.9′E,29 km,2.3,---
2024/08/10,19:29:24.6,三陸沖,40°13.0′N,144°49.7′E,25 km,1.5,---
2024/08/10,19:30:43.7,日向灘,31°42.2′N,131°51.5′E,0 km,不明,---
2024/08/10,19:31:13.1,三河湾,34°43.9′N,137°08.7′E,6 km,-0.1,---
2024/08/10,19:32:40.4,石川県能登地方,37°21.2′N,136°46.6′E,8 km,2.2,---
2024/08/10,19:34:13.5,埼玉県南部,35°48.9′N,139°50.8′E,108 km,0.6,---
2024/08/10,19:35:00.8,福島県沖,36°48.0′N,141°45.1′E,18 km,不明,---
2024/08/10,19:35:10.9,茨城県沖,36°16.4′N,141°52.7′E,9 km,1.4,---
2024/08/10,19:36:43.4,福島県沖,37°19.8′N,141°44.5′E,45 km,1.2,---
2024/08/10,19:36:50.7,奄美大島北東沖,29°17.5′N,130°35.2′E,55 km,1.8,---
2024/08/10,19:40:22.0,福島県沖,37°42.2′N,141°40.5′E,56 km,0.9,---
2024/08/10,19:40:25.2,三河湾,34°43.7′N,137°08.5′E,8 km,0.5,---
2024/08/10,19:44:08.6,福井県嶺北,35°44.4′N,136°19.0′E,10 km,0.2,---
2024/08/10,19:46:23.0,日向灘,31°34.9′N,132°07.4′E,24 km,1.6,---
2024/08/10,19:46:51.7,神奈川県西部,35°25.0′N,139°09.1′E,14 km,0.6,---
2024/08/10,19:47:30.1,宮崎県南部山沿い,31°55.1′N,131°00.6′E,9 km,0.2,---
2024/08/10,19:47:36.0,神奈川県西部,35°24.8′N,139°08.6′E,12 km,不明,---
2024/08/10,19:56:19.5,鹿児島県薩摩地方,31°52.6′N,130°50.0′E,7 km,0.6,---
2024/08/10,19:57:26.0,九州地方南東沖,30°32.1′N,132°48.5′E,67 km,3.0,---
2024/08/10,19:59:35.8,日向灘,31°34.5′N,132°07.6′E,24 km,1.6,---
2024/08/10,20:00:45.2,日向灘,31°35.8′N,132°09.6′E,18 km,1.2,---
2024/08/10,20:00:48.4,福井県嶺北,35°59.7′N,136°44.7′E,6 km,-0.3,---
2024/08/10,20:01:56.0,石川県能登地方,37°26.6′N,137°10.9′E,13 km,1.2,---
2024/08/10,20:05:29.7,和歌山県南部,33°49.9′N,135°39.4′E,45 km,0.1,---
2024/08/10,20:07:12.1,石垣島北西沖,25°33.7′N,123°13.1′E,140 km,1.9,---
2024/08/10,20:07:30.5,千葉県南東沖,34°35.8′N,140°27.8′E,63 km,1.0,---
2024/08/10,20:08:03.2,日向灘,31°36.6′N,131°48.9′E,11 km,1.0,---
2024/08/10,20:08:30.2,神奈川県西部,35°24.2′N,139°09.3′E,13 km,-0.2,---
2024/08/10,20:08:44.1,紀伊水道,33°43.3′N,134°52.4′E,33 km,0.8,---
2024/08/10,20:11:43.6,青森県津軽南部,40°31.4′N,140°48.9′E,6 km,0.2,---
2024/08/10,20:13:20.6,神奈川県西部,35°24.9′N,139°07.7′E,14 km,0.5,---
2024/08/10,20:16:41.8,鹿児島県薩摩地方,31°51.1′N,130°49.2′E,2 km,-0.4,---
2024/08/10,20:18:28.4,神奈川県西部,35°24.2′N,139°09.4′E,14 km,0.2,---
2024/08/10,20:22:16.5,北海道北西沖,44°23.3′N,141°35.4′E,0 km,1.4,---
2024/08/10,20:22:25.1,神奈川県西部,35°24.6′N,139°09.9′E,13 km,0.4,---
2024/08/10,20:24:14.4,鹿児島県薩摩地方,31°59.2′N,130°47.8′E,1 km,-0.2,---
2024/08/10,20:24:53.4,日向灘,31°36.6′N,132°03.8′E,0 km,1.0,---
2024/08/10,20:26:23.2,種子島南東沖,29°44.2′N,131°09.8′E,44 km,2.5,---
2024/08/10,20:26:25.1,宮崎県南部山沿い,32°04.4′N,130°43.3′E,9 km,-0.3,---
2024/08/10,20:26:50.7,大隅半島東方沖,31°31.0′N,131°37.4′E,28 km,0.7,---
2024/08/10,20:32:00.5,三陸沖,39°21.8′N,142°56.3′E,7 km,1.1,---
2024/08/10,20:32:35.3,長野県南部,35°52.1′N,137°37.9′E,8 km,0.1,---
2024/08/10,20:32:36.2,三河湾,34°43.9′N,137°08.6′E,8 km,0.9,---
2024/08/10,20:33:02.5,福島県沖,37°49.6′N,141°36.0′E,48 km,0.8,---
2024/08/10,20:34:07.9,三陸沖,39°22.1′N,142°56.4′E,6 km,1.2,---
2024/08/10,20:39:13.8,和歌山県南部,33°54.4′N,135°33.1′E,44 km,0.0,---
2024/08/10,20:41:06.1,福島県沖,37°25.6′N,141°56.5′E,38 km,1.5,---
2024/08/10,20:41:12.0,苫小牧沖,41°39.6′N,141°30.2′E,117 km,1.6,---
2024/08/10,20:42:15.2,薩摩半島西方沖,31°45.4′N,129°22.2′E,5 km,1.0,---
2024/08/10,20:43:55.5,紀伊水道,34°11.2′N,135°05.6′E,8 km,0.7,---
2024/08/10,20:46:08.0,石川県能登地方,37°19.1′N,136°53.7′E,8 km,0.4,---
2024/08/10,20:47:49.1,千葉県南東沖,34°59.6′N,140°07.8′E,78 km,1.5,---
2024/08/10,20:51:32.8,日向灘,31°38.3′N,132°03.5′E,0 km,1.3,---
2024/08/10,20:51:38.8,長野県南部,35°55.7′N,137°36.4′E,10 km,-0.4,---
2024/08/10,20:52:06.1,大隅半島東方沖,31°36.4′N,131°30.3′E,41 km,0.1,---
2024/08/10,20:52:55.8,津軽海峡,41°33.6′N,140°48.2′E,15 km,1.6,---
2024/08/10,20:53:34.8,日向灘,31°33.3′N,132°08.9′E,31 km,1.6,---
2024/08/10,20:53:56.9,茨城県沖,36°31.2′N,141°10.0′E,37 km,1.5,---
2024/08/10,20:54:39.7,日向灘,31°37.1′N,132°05.2′E,11 km,0.9,---
2024/08/10,20:55:37.0,千葉県南東沖,34°51.7′N,139°56.0′E,48 km,0.7,---
2024/08/10,20:56:30.3,大分県中部,33°18.4′N,131°29.1′E,8 km,1.3,---
2024/08/10,20:57:14.8,大分県中部,33°18.5′N,131°28.9′E,7 km,1.0,---
2024/08/10,20:57:58.2,大分県中部,33°18.2′N,131°29.7′E,6 km,1.1,---
2024/08/10,20:58:42.8,愛知県東部,35°11.7′N,137°42.9′E,14 km,0.0,---
2024/08/10,21:00:02.6,宮城県沖,38°02.0′N,142°26.4′E,22 km,1.1,---
2024/08/10,21:02:09.5,石川県能登地方,37°14.9′N,136°47.1′E,6 km,-0.3,---
2024/08/10,21:03:09.5,大分県中部,33°18.1′N,131°27.8′E,9 km,0.4,---
2024/08/10,21:03:52.9,大分県中部,33°18.4′N,131°29.2′E,7 km,0.5,---
2024/08/10,21:04:35.8,岩手県沖,39°40.2′N,141°59.9′E,28 km,1.3,---
2024/08/10,21:05:24.0,大分県中部,33°18.6′N,131°29.3′E,8 km,-0.2,---
2024/08/10,21:07:19.8,日向灘,31°36.8′N,132°03.4′E,19 km,1.1,---
2024/08/10,21:09:22.1,宮古島近海,24°42.3′N,125°30.4′E,33 km,1.0,---
2024/08/10,21:12:03.8,奄美大島北東沖,29°32.0′N,130°44.0′E,25 km,不明,---
2024/08/10,21:12:17.0,日向灘,31°43.8′N,132°02.1′E,28 km,1.0,---
2024/08/10,21:12:59.5,神奈川県西部,35°24.2′N,139°09.3′E,14 km,0.3,---
2024/08/10,21:13:36.7,石垣島近海,24°38.4′N,124°34.0′E,8 km,0.9,---
2024/08/10,21:15:57.8,日向灘,31°29.1′N,131°44.8′E,21 km,3.9,---
2024/08/10,21:16:02.0,神奈川県西部,35°25.0′N,139°09.9′E,15 km,不明,---
2024/08/10,21:16:04.7,神奈川県西部,35°24.7′N,139°09.5′E,14 km,0.3,---
2024/08/10,21:22:12.2,岐阜県飛騨地方,36°04.9′N,137°32.6′E,4 km,-0.1,---
2024/08/10,21:24:46.0,石川県能登地方,37°21.3′N,136°59.6′E,7 km,0.8,---
2024/08/10,21:29:36.9,日向灘,31°47.8′N,131°35.3′E,18 km,0.3,---
2024/08/10,21:30:50.7,茨城県沖,36°10.0′N,141°56.4′E,6 km,2.3,---
2024/08/10,21:31:57.3,薩摩半島西方沖,30°57.2′N,128°40.9′E,0 km,2.5,---
2024/08/10,21:32:16.9,福島県沖,37°26.3′N,142°28.6′E,7 km,1.4,---
2024/08/10,21:34:06.2,神奈川県西部,35°24.6′N,139°09.4′E,14 km,0.2,---
2024/08/10,21:36:05.2,三陸沖,39°25.3′N,144°48.9′E,19 km,1.8,---
2024/08/10,21:36:47.0,岩手県沖,39°06.2′N,142°23.4′E,27 km,1.5,---
2024/08/10,21:38:10.5,石川県能登地方,37°13.8′N,136°46.7′E,8 km,0.7,---
2024/08/10,21:44:05.5,日向灘,32°26.2′N,132°22.3′E,19 km,0.8,---
2024/08/10,21:44:41.4,三陸沖,39°23.3′N,143°33.1′E,10 km,1.1,---
2024/08/10,21:50:30.0,長野県南部,35°55.1′N,137°36.0′E,9 km,0.0,---
2024/08/10,21:51:38.4,大隅半島東方沖,31°15.6′N,131°58.6′E,15 km,0.9,---
2024/08/10,21:56:31.8,豊後水道,33°10.8′N,132°22.9′E,36 km,1.1,---
2024/08/10,21:57:23.1,神奈川県西部,35°25.0′N,139°09.6′E,12 km,0.3,---
2024/08/10,21:58:00.1,栃木県北部,36°37.0′N,139°28.3′E,9 km,0.0,---
2024/08/10,21:59:37.9,鹿児島県薩摩地方,31°52.3′N,130°18.5′E,4 km,-0.1,---
2024/08/10,22:01:56.3,福島県沖,37°51.7′N,141°37.6′E,49 km,0.9,---
2024/08/10,22:06:02.4,石垣島北西沖,25°37.2′N,123°58.6′E,209 km,2.0,---
2024/08/10,22:06:14.0,日向灘,31°36.2′N,132°06.0′E,20 km,1.2,---
2024/08/10,22:06:31.8,神奈川県西部,35°27.2′N,139°09.5′E,20 km,0.5,---
2024/08/10,22:07:06.5,神奈川県西部,35°24.9′N,139°09.6′E,12 km,0.5,---
2024/08/10,22:11:58.1,神奈川県西部,35°27.3′N,139°09.5′E,18 km,0.4,---
2024/08/10,22:12:57.4,宮城県沖,38°24.2′N,141°50.7′E,45 km,0.8,---
2024/08/10,22:13:01.9,青森県東方沖,40°53.2′N,143°13.4′E,20 km,1.9,---
2024/08/10,22:13:19.7,福島県沖,36°49.1′N,142°03.8′E,15 km,1.2,---
2024/08/10,22:13:59.3,熊本県熊本地方,32°34.8′N,130°39.7′E,13 km,0.0,---
2024/08/10,22:15:04.6,岩手県沖,40°01.0′N,142°26.7′E,43 km,0.9,---
2024/08/10,22:15:58.2,種子島近海,30°44.9′N,130°49.2′E,52 km,1.8,---
2024/08/10,22:18:52.7,和歌山県北部,34°15.7′N,135°25.8′E,6 km,1.6,---
2024/08/10,22:19:36.6,神奈川県西部,35°25.6′N,139°09.2′E,14 km,0.2,---
2024/08/10,22:22:14.1,福島県中通り,36°58.6′N,140°20.5′E,108 km,1.4,---
2024/08/10,22:22:27.4,熊本県熊本地方,32°35.6′N,130°39.6′E,11 km,0.4,---
2024/08/10,22:26:27.9,和歌山県北部,34°08.5′N,135°24.1′E,6 km,-0.6,---
2024/08/10,22:27:35.2,新潟県下越沖,38°29.8′N,139°29.4′E,10 km,0.7,---
2024/08/10,22:27:40.8,日向灘,31°36.6′N,132°06.9′E,44 km,1.2,---
2024/08/10,22:28:29.3,宮崎県南部山沿い,31°57.0′N,130°52.9′E,0 km,0.0,---
2024/08/10,22:28:31.2,沖縄本島近海,26°47.0′N,127°10.9′E,3 km,1.0,---
2024/08/10,22:31:15.1,福島県沖,37°51.6′N,141°36.5′E,53 km,0.7,---
2024/08/10,22:31:16.4,種子島南東沖,29°43.2′N,131°05.1′E,36 km,不明,---
2024/08/10,22:31:22.1,長野県南部,35°52.2′N,137°37.9′E,8 km,0.2,---
2024/08/10,22:31:31.2,岩手県沖,40°06.6′N,142°29.0′E,37 km,0.9,---
2024/08/10,22:32:30.9,鹿児島県薩摩地方,32°00.0′N,130°45.0′E,7 km,0.3,---
2024/08/10,22:37:21.2,石川県能登地方,37°11.6′N,136°47.8′E,9 km,0.7,---
2024/08/10,22:39:12.2,和歌山県北部,34°15.1′N,135°25.5′E,9 km,0.0,---
2024/08/10,22:39:19.7,四国沖,32°41.5′N,132°37.2′E,28 km,0.1,---
2024/08/10,22:39:41.7,台湾付近,23°25.9′N,120°35.6′E,2 km,3.3,---
2024/08/10,22:41:58.4,浦河沖,42°06.4′N,142°49.8′E,55 km,1.0,---
2024/08/10,22:43:19.6,秋田県沿岸南部,39°42.7′N,140°06.4′E,167 km,2.1,---
2024/08/10,22:43:34.4,日向灘,31°34.8′N,132°07.7′E,22 km,0.9,---
2024/08/10,22:46:38.9,茨城県南部,36°05.8′N,140°01.8′E,78 km,2.2,---
2024/08/10,22:51:03.8,神奈川県西部,35°24.8′N,139°09.1′E,13 km,0.5,---
2024/08/10,22:51:13.8,埼玉県南部,35°58.9′N,139°33.5′E,25 km,1.0,---
2024/08/10,22:51:51.9,岩手県沖,40°18.2′N,142°02.7′E,43 km,0.9,---
2024/08/10,22:53:23.4,青森県東方沖,40°53.3′N,143°13.2′E,19 km,1.8,---
2024/08/10,22:54:45.7,福島県沖,37°21.7′N,142°00.1′E,32 km,1.1,---
2024/08/10,22:55:23.9,日向灘,31°33.5′N,132°06.3′E,33 km,3.5,---
2024/08/10,22:55:26.8,有明海,32°54.8′N,130°22.9′E,13 km,0.0,---
2024/08/10,22:58:14.7,日向灘,31°37.4′N,132°04.6′E,0 km,1.1,---
2024/08/10,22:58:30.7,日向灘,31°34.1′N,132°05.2′E,29 km,2.0,---
2024/08/10,23:00:57.1,岩手県内陸南部,38°54.1′N,141°15.8′E,84 km,0.8,---
2024/08/10,23:02:57.7,日向灘,31°35.4′N,132°07.6′E,31 km,1.6,---
2024/08/10,23:04:10.8,能登半島沖,37°33.4′N,137°15.6′E,9 km,1.5,---
2024/08/10,23:04:55.4,日向灘,31°34.8′N,132°06.6′E,28 km,1.8,---
2024/08/10,23:06:43.0,青森県津軽南部,40°31.2′N,140°49.1′E,6 km,1.7,---
2024/08/10,23:07:18.4,日向灘,31°39.1′N,131°59.4′E,16 km,1.0,---
2024/08/10,23:08:04.5,福島県沖,37°01.1′N,141°17.8′E,5 km,1.6,---
2024/08/10,23:08:20.4,神奈川県西部,35°25.4′N,139°09.1′E,13 km,0.0,---
2024/08/10,23:09:05.9,沖縄本島近海,27°18.5′N,128°51.4′E,27 km,0.7,---
2024/08/10,23:09:24.6,茨城県沖,36°10.0′N,141°55.8′E,7 km,1.5,---
2024/08/10,23:11:21.7,日向灘,31°37.1′N,132°05.2′E,17 km,1.0,---
2024/08/10,23:14:25.9,石川県能登地方,37°17.9′N,136°48.3′E,11 km,0.2,---
2024/08/10,23:15:27.5,台湾付近,24°50.8′N,122°04.2′E,96 km,1.7,---
2024/08/10,23:16:16.1,九州地方南東沖,31°20.3′N,132°22.1′E,55 km,1.4,---
2024/08/10,23:19:59.2,栃木県南部,36°39.8′N,139°30.0′E,10 km,-0.1,---
2024/08/10,23:20:13.6,日向灘,31°34.1′N,132°05.3′E,27 km,1.9,---
2024/08/10,23:23:29.3,佐渡付近,37°46.8′N,137°42.3′E,14 km,1.2,---
2024/08/10,23:24:54.4,日向灘,32°27.4′N,131°41.8′E,20 km,0.4,---
2024/08/10,23:25:55.5,鹿児島県薩摩地方,31°58.4′N,130°23.0′E,6 km,-0.4,---
2024/08/10,23:27:47.6,日向灘,31°35.1′N,132°05.5′E,22 km,1.4,---
2024/08/10,23:28:25.2,福島県沖,37°49.5′N,141°36.2′E,49 km,1.4,---
2024/08/10,23:28:47.9,日向灘,31°30.2′N,131°45.1′E,17 km,1.0,---
2024/08/10,23:29:34.5,茨城県沖,36°47.8′N,140°50.3′E,88 km,1.5,---
2024/08/10,23:30:30.5,神奈川県西部,35°25.0′N,139°09.6′E,13 km,0.6,---
2024/08/10,23:30:38.8,日向灘,31°36.9′N,131°48.8′E,0 km,0.9,---
2024/08/10,23:32:18.3,和歌山県北部,34°15.3′N,135°25.9′E,6 km,-0.2,---
2024/08/10,23:33:32.8,沖縄本島近海,27°29.7′N,128°35.2′E,38 km,0.8,---
2024/08/10,23:34:56.0,福島県沖,36°48.5′N,142°03.9′E,17 km,1.3,---
2024/08/10,23:36:13.5,日向灘,31°47.2′N,131°32.5′E,24 km,0.6,---
2024/08/10,23:36:49.5,宮古島近海,24°29.9′N,125°38.4′E,48 km,0.8,---
2024/08/10,23:39:14.7,日向灘,31°46.0′N,131°53.2′E,25 km,1.9,---
2024/08/10,23:40:53.8,熊本県熊本地方,32°35.2′N,130°39.6′E,12 km,1.6,---
2024/08/10,23:43:53.0,青森県東方沖,40°49.1′N,142°54.2′E,1 km,1.9,---
2024/08/10,23:44:02.1,石川県能登地方,37°18.5′N,136°53.5′E,10 km,0.5,---
2024/08/10,23:45:54.3,日高地方中部,42°25.4′N,142°34.6′E,55 km,0.8,---
2024/08/10,23:45:58.1,日向灘,31°33.7′N,132°08.1′E,21 km,1.5,---
2024/08/10,23:51:51.3,沖縄本島近海,27°13.0′N,128°37.0′E,34 km,0.2,---
2024/08/10,23:52:51.4,沖縄本島近海,26°56.4′N,128°27.4′E,26 km,1.1,---
2024/08/10,23:54:09.7,石川県能登地方,37°20.9′N,136°50.5′E,8 km,0.6,---
2024/08/10,23:54:22.3,福井県嶺北,35°59.3′N,136°45.0′E,8 km,0.1,---
2024/08/10,23:54:24.1,神奈川県西部,35°24.3′N,139°08.9′E,13 km,0.1,---
2024/08/10,23:56:01.4,神奈川県西部,35°25.0′N,139°09.6′E,13 km,0.2,---
2024/08/10,23:56:13.8,日向灘,31°45.7′N,131°43.1′E,25 km,0.4,---
2024/08/10,23:56:21.3,石川県能登地方,37°28.0′N,137°15.8′E,14 km,0.9,---
2024/08/10,23:56:28.6,石川県能登地方,37°19.5′N,137°00.3′E,13 km,1.4,---
2024/08/10,23:56:35.1,神奈川県西部,35°24.4′N,139°09.0′E,16 km,1.2,---
2024/08/10,23:58:20.6,宮古島近海,24°46.8′N,125°16.1′E,48 km,1.3,---
2024/08/10,23:58:24.7,千葉県東方沖,35°08.2′N,141°17.7′E,12 km,1.7,---
